auction_date_long,auction_desc,auction_house,auction_location,auction_name,chassis_number,image,link,link_v2,lot_description,price_eur_number,price_eur_string,price_gbp_number,price_gbp_string,price_usd_number,price_usd_string,reg_number,url,year,sourceUrl,status
16th Aug 2025,RM Sotheby's • Monterey 2025,RM Sotheby's,United States,Monterey 2025,ZFFGJ34B000084036,https://tcv-images.s3.eu-west-2.amazonaws.com/cars/bHKtTlYKfHKEH7l-FjjW9eh2w8H2Dg7QrJOtWXk4NPJe4aa7Pn0V0CsAfTX6NmF0sOk-FWJ7xmYW05YnuQoXMA.jpeg,/cars/ferrari/f40/1990/563512,/cars/ferrari/f40/563512,1990 Ferrari F40,3373125,"€3,373,125",2.918235e+06,"£2,918,235",3855000,"$3,855,000",,https://rmsothebys.com/auctions/mo25/lots/r0017-1990-ferrari-f40/,1990,https://www.theclassicvaluer.com,Sold
16th Aug 2025,Gooding Christie's • Pebble Beach Auctions 2025,Gooding Christie's,United States,Pebble Beach Auctions 2025,ZFFMN34A0L0086620,https://tcv-images.s3.eu-west-2.amazonaws.com/cars/tPqyy41uXGkenAnZhJhLtwXmZmi9cciTuLsS--dTMfqmYuTOM3JVs5bMcBpWUqE4ebMWajuRefT0TS1RrjJUOA.jpeg,/cars/ferrari/f40/1990/563131,/cars/ferrari/f40/563131,1990 Ferrari F40,3325000,"€3,325,000",2.8766e+06,"£2,876,600",3800000,"$3,800,000",,https://www.goodingco.com/lot/1990-ferrari-f40-1b/,1990,https://www.theclassicvaluer.com,Sold
16th Aug 2025,RM Sotheby's • Monterey 2025,RM Sotheby's,United States,Monterey 2025,ZFFGJ34B000094647,https://tcv-images.s3.eu-west-2.amazonaws.com/cars/NT2vCNKDLzzNRttbzKU5U_Hz395ePRTAbze2ZxGKk2sD1Dk5lPvykR5tz_TyvX0rd7kL3p0EAcx3xpGmEL1FGQ.jpeg,/cars/ferrari/f40/1992/563513,/cars/ferrari/f40/563513,1992 Ferrari F40,2410625,"€2,410,625",2.085535e+06,"£2,085,535",2755000,"$2,755,000",,https://rmsothebys.com/auctions/mo25/lots/r0020-1992-ferrari-f40/,1992,https://www.theclassicvaluer.com,Sold
14th Aug 2025,Broad Arrow • Monterey Jet Center 2025,Broad Arrow,United States,Monterey Jet Center 2025,,https://tcv-images.s3.eu-west-2.amazonaws.com/cars/cm-vdXt1JZyRZlFz5-WumsKVBbVY2OCnlnGfBohuyErYM9IPyfyHCRVvFzECGs0keasyoRW1-2MEE_t_VCmpoQ.jpeg,/cars/ferrari/f40/1991/563367,/cars/ferrari/f40/563367,1991 Ferrari F40,0,Not Sold,0,Not Sold,0,Not Sold,,https://www.broadarrowauctions.com/vehicles/jc25_r0069/1991-ferrari-f40,1991,https://www.theclassicvaluer.com,Not Sold
25th May 2025,Broad Arrow • The Concorso d'Eleganza Villa d’Este Auction 2025,Broad Arrow,Italy,The Concorso d'Eleganza Villa d’Este Auction 2025,,https://tcv-images.s3.eu-west-2.amazonaws.com/cars/S8P4zFJeaVmwePAkT6RrmYJXtrXtyw3bpPjAJlec6gfJA93JSIqgShBem7TrVVCu_aY1uYqgklAwUJwCObUouw.jpeg,/cars/ferrari/f40/1989/542426,/cars/ferrari/f40/542426,"1989 Ferrari F40 ""Competizione",2312500,"€2,312,500",1.965625e+06,"£1,965,625",2610812,"$2,610,812",,https://www.broadarrowauctions.com/vehicles/ve25_r0099/1989-ferrari-f40-competizione,1989,https://www.theclassicvaluer.com,Sold
22nd May 2025,RM Sotheby's • Milan,RM Sotheby's,Italy,Milan,ZFFGJ34B000080763,https://tcv-images.s3.eu-west-2.amazonaws.com/cars/4AbkxHbXYS9t-ECAAOcAN8BppjGqNxh91EDoVSTsm5ywFKF2PPXomEZHUiIf5JnGwGss9wFP979_mHEGA60gGQ.jpeg,/cars/ferrari/f40/1989/541823,/cars/ferrari/f40/541823,1989 Ferrari F40,2817500,"€2,817,500",2.394875e+06,"£2,394,875",3180958,"$3,180,958",,https://rmsothebys.com/auctions/ml25/lots/r0034-1989-ferrari-f40/,1989,https://www.theclassicvaluer.com,Sold
8th Mar 2025,Broad Arrow • The Amelia Auction 2025,Broad Arrow,United States,The Amelia Auction 2025,,https://tcv-images.s3.eu-west-2.amazonaws.com/cars/Mu7IAoR3P2xhJ_6agvlUUd9RSJszTBsEJaax95ZpgRbaZo2hcJtvEliWMlpUI4EN1v0bLMAwbfUXqunnE3hdSg.jpeg,/cars/ferrari/f40/1990/515652,/cars/ferrari/f40/515652,1990 Ferrari F40,3529395,"€3,529,395",2.913675e+06,"£2,913,675",3665000,"$3,665,000",,https://www.broadarrowauctions.com/vehicles/am25_r182/1990-ferrari-f40,1990,https://www.theclassicvaluer.com,Sold
28th Feb 2025,RM Sotheby's • Miami,RM Sotheby's,United States,Miami,ZFFMN34A1M0089382,https://tcv-images.s3.eu-west-2.amazonaws.com/cars/Nh9ua7WnqZPLIYM_7BhvK3MUtmTQX8YHetD-qDmkUrza_IiYEpFWIGNdW6ZfwSqj2n-MkKJfNiab81qpgCuVhQ.jpeg,/cars/ferrari/f40/1991/514293,/cars/ferrari/f40/514293,1991 Ferrari F40,3454700,"€3,454,700",2.88906e+06,"£2,889,060",3580000,"$3,580,000",,https://rmsothebys.com/auctions/mi25/lots/r0050-1991-ferrari-f40/,1991,https://www.theclassicvaluer.com,Sold
18th Jan 2025,Mecum • Kissimmee 2025,Mecum,United States,Kissimmee 2025,ZFFGJ34B000094528,https://tcv-images.s3.eu-west-2.amazonaws.com/cars/8D2bve01JdSaWrgewskiH7yR8Us79BGAzaQs3uSjczO-g7Wi3qIIA9glFXHtx9Nt-HknZGw60jj5i8-gmHJ1uA.jpeg,/cars/ferrari/f40/1992/500124,/cars/ferrari/f40/500124,1992 Ferrari F40,0,Not Sold,0,Not Sold,0,Not Sold,,https://www.mecum.com/lots/1137173/1992-ferrari-f40/?aa_id=640672-0,1992,https://www.theclassicvaluer.com,Not Sold
2nd Nov 2024,RM Sotheby's • London 2024,RM Sotheby's,United Kingdom,London 2024,ZFFGJ34B000083052,https://tcv-images.s3.eu-west-2.amazonaws.com/cars/SrnXPLka7_CSYQMR83tsDDABv-Op3qxlm9zHmwJkCX-7Tkd4h44quq1CunVlPV5ZjXbz6qv3iuk72PsWWJv-5Q.jpeg,/cars/ferrari/f40/1989/486662,/cars/ferrari/f40/486662,1989 Ferrari F40,2354684,"€2,354,684",1.97375e+06,"£1,973,750",2557980,"$2,557,980",GE 876251,https://rmsothebys.com/auctions/lf24/lots/r0053-1989-ferrari-f40/,1989,https://www.theclassicvaluer.com,Sold
18th Aug 2024,RM Sotheby's • Monterey 2024,RM Sotheby's,United States,Monterey 2024,ZFFGJ34B000088538,https://tcv-images.s3.eu-west-2.amazonaws.com/cars/dtBaZDHopfYZmlHfmVMurTtnZuBGUkloLfwMrhZIMfMLd-SLi6gWtzhVUBlho1QUhwrmKnOjAxIo_TFPfYl5Zw.jpeg,/cars/ferrari/f40/1991/468868,/cars/ferrari/f40/468868,1991 Ferrari F40 ‘Minty Forty,1650892,"€1,650,892",1.407112e+06,"£1,407,112",1792500,"$1,792,500",,https://rmsothebys.com/auctions/mo24/lots/r0157-1991-ferrari-f40-minty-forty/,1991,https://www.theclassicvaluer.com,Sold
15th Aug 2024,Broad Arrow • Monterey Jet Center 2024,Broad Arrow,United States,Monterey Jet Center 2024,,https://tcv-images.s3.eu-west-2.amazonaws.com/cars/4joOe5iZH0yQnmjVRzNhAlu5vCk2r5glQt9Wk6kmoPNY8-uSYY5paOIaN3FVV0AJzvab_lUm6AsepGc_1fW8tA.jpeg,/cars/ferrari/f40/1990/469905,/cars/ferrari/f40/469905,1990 Ferrari F40,2264950,"€2,264,950",1.93515e+06,"£1,935,150",2425000,"$2,425,000",,https://www.broadarrowauctions.com/vehicles/jc24_r110/1990-ferrari-f40,1990,https://www.theclassicvaluer.com,Sold
26th Jun 2024,Collecting Cars • 2024,Collecting Cars,Thailand,2024,,https://tcv-images.s3.eu-west-2.amazonaws.com/cars/8rC39jNf4IMDqJwKv1p8-iB0ePemG6JeegUSMihNSimxd5DXYU_i5Tx5Gk6pfZXMvZrBAGNBtXyCz9Zu8Qm5aQ.jpeg,/cars/ferrari/f40/1989/458843,/cars/ferrari/f40/458843,1989 Ferrari F40,1383342,"€1,383,342",1.17907e+06,"£1,179,070",1502000,"$1,502,000",,https://collectingcars.com/for-sale/1989-ferrari-f40-1,1989,https://www.theclassicvaluer.com,Sold
1st Jun 2024,RM Sotheby's • Dare To Dream Collection,RM Sotheby's,Canada,Dare To Dream Collection,ZFFGJ34B000084169,https://tcv-images.s3.eu-west-2.amazonaws.com/cars/4ppBAfYjH5OH5TN653y1zYnF6-UE23c-R-iqJ3NJ8-_IPDcXSeEUUpHwdY5robGUE83dQsMaoKESjdElrzdZyg.jpeg,/cars/ferrari/f40/1990/447989,/cars/ferrari/f40/447989,1990 Ferrari F40,3240980,"€3,240,980",2.76906e+06,"£2,769,060",3470000,"$3,470,000",,https://rmsothebys.com/auctions/dd24/lots/r0036-1990-ferrari-f40/,1990,https://www.theclassicvaluer.com,Sold
9th Mar 2024,Mecum • Glendale 2024,Mecum,United States,Glendale 2024,ZFFMN34AXN0091097,https://tcv-images.s3.eu-west-2.amazonaws.com/cars/fRw1teBlgaeUgSSq2ZiyPHfyfIl3n8I5jL_LrVxs8ytxIPaNPnxbCs7FxcoafDQXPq7QuNv7txUqzVvMA3Wd1w.jpeg,/cars/ferrari/f40/1992/421027,/cars/ferrari/f40/421027,1992 Ferrari F40,0,Not Sold,0,Not Sold,0,Not Sold,,https://www.mecum.com/lots/1104747/1992-ferrari-f40/?aa_id=527124-0,1992,https://www.theclassicvaluer.com,Not Sold
2nd Mar 2024,RM Sotheby's • Miami 2024,RM Sotheby's,United States,Miami,ZFFGJ34B000084116,https://tcv-images.s3.eu-west-2.amazonaws.com/cars/6IXZdO21oUi8R_f2tOEVJQQ8DJa-AKb18lUKjT3e-WNx1ul1r6_-mnQeCbKYVQAamMpAP4stj6KnokyZrrKMNA.jpeg,/cars/ferrari/f40/1990/453070,/cars/ferrari/f40/453070,1990 Ferrari F40,3091200,"€3,091,200",2.6376e+06,"£2,637,600",3360000,"$3,360,000",,https://rmsothebys.com/auctions/mi24/lots/r0117-1990-ferrari-f40/,1990,https://www.theclassicvaluer.com,Sold
14th Jan 2024,Mecum • Kissimmee 2024,Mecum,United States,Kissimmee 2024,ZFFMN34A3N0092396,https://tcv-images.s3.eu-west-2.amazonaws.com/cars/9XbtsRV8_6QSMGwXTDAUTUY8bKgSNP2HIXVzH6lGR_3Cxw9hgpa1J8KtNpZ2K-12yrOnQ9joRbMGlptcWqoeuQ.jpeg,/cars/ferrari/f40/1992/401515,/cars/ferrari/f40/401515,1992 Ferrari F40,3187810,"€3,187,810",2.735874e+06,"£2,735,874",3410000,"$3,410,000",,https://www.mecum.com/lots/1102480/1992-ferrari-f40/?aa_id=513416-0,1992,https://www.theclassicvaluer.com,Sold
4th Nov 2023,RM Sotheby's • London 2023,RM Sotheby's,United Kingdom,London 2023,ZFFGJ34B000086097,https://tcv-images.s3.eu-west-2.amazonaws.com/cars/zptE-Q1KZv7TlP1h5hCIQ7ArdixQaoQIMz3Grf0kOmGfP2DfAZWuPJOH6x3TFedA-ghdVX56Fy_BQSgTpKCsnQ.jpeg,/cars/ferrari/f40/1990/387013,/cars/ferrari/f40/387013,1990 Ferrari F40,2286683,"€2,286,683",1.9625e+06,"£1,962,500",2446065,"$2,446,065",,https://rmsothebys.com/en/auctions/lf23/london/lots/r0045-1990-ferrari-f40/1403170,1990,https://www.theclassicvaluer.com,Sold
1st Oct 2023,Collecting Cars • 2023,Collecting Cars,United Kingdom,2023,ZFFGJ34B000087894,https://tcv-images.s3.eu-west-2.amazonaws.com/cars/Zcud6k0oYwSZAVw0SRawDf7o-42TDo9dt2mp0Xabs77vm-Cb4DUQViz6mRhdfkiE2ZTzo6C80e7GlEQyKRZYnw.jpeg,/cars/ferrari/f40/1991/379991,/cars/ferrari/f40/379991,1991 Ferrari F40,1990375,"€1,990,375",1.7082e+06,"£1,708,200",2129105,"$2,129,105",,https://collectingcars.com/for-sale/1991-ferrari-f40,1991,https://www.theclassicvaluer.com,Sold
19th Aug 2023,RM Sotheby's • Monterey,RM Sotheby's,United States,Monterey,ZFFGJ34B000084116,https://tcv-images.s3.eu-west-2.amazonaws.com/cars/iYlSwlJoJtGil7PYoGjClnJD7Q4KOCmYmBTKTamYea-rqClLr6pp8ACOmzIpGg5tFDxdn84zH0myZIwC_pVU0g.jpeg,/cars/ferrari/f40/1990/367573,/cars/ferrari/f40/367573,1990 Ferrari F40,3089651,"€3,089,651",2.651631e+06,"£2,651,631",3305000,"$3,305,000",,https://rmsothebys.com/en/auctions/mo23/monterey/lots/r0213-1990-ferrari-f40/1382260,1990,https://www.theclassicvaluer.com,Sold
19th Aug 2023,Mecum • Monterey 2023,Mecum,United States,Monterey 2023,ZFFMN34A7L0086498,https://tcv-images.s3.eu-west-2.amazonaws.com/cars/vcUC9tpzlSy2IY30hZEN8_WSnRJ5u_6Z0grrgBNmhzuL5yDgibjvBDUszmZEky55YPfrW69ON0ccoWZ8vTduOg.jpeg,/cars/ferrari/f40/1990/367559,/cars/ferrari/f40/367559,1990 Ferrari F40,2365149,"€2,365,149",2.029842e+06,"£2,029,842",2530000,"$2,530,000",,https://www.mecum.com/lots/1085258/1990-ferrari-f40/,1990,https://www.theclassicvaluer.com,Sold
18th Aug 2023,Gooding & Co • 2023 Pebble Beach,Gooding & Co,United States,2023 Pebble Beach,ZFFMN34A5M0087568,https://tcv-images.s3.eu-west-2.amazonaws.com/cars/KsvrqN8lQ6t1z08ZSAmS748LVt3wG0SEV7WNS9tMHzWkPMkBCu6C-jzhzz9Fp9uMt9vD1DdPz64Yl2UbfAnnZQ.jpeg,/cars/ferrari/f40/1991/367568,/cars/ferrari/f40/367568,1991 Ferrari F40,2883986,"€2,883,986",2.475123e+06,"£2,475,123",3085000,"$3,085,000",,https://www.goodingco.com/lot/1991-ferrari-f40-1a/,1991,https://www.theclassicvaluer.com,Sold
18th Jun 2023,Bonhams • The Bonmont Sale - Collector's Motor Cars,Bonhams,Switzerland,The Bonmont Sale - Collector's Motor Cars,ZFFGJ34B000083961,https://tcv-images.s3.eu-west-2.amazonaws.com/cars/QwkhANejurhCBQ6SPZR7DZVhWom_PUA_XCwoouc60qJfdEwt5iSLdWfwBDaFiGbeMcGIM1WCSIhOYPd7JHii9w.jpeg,/cars/ferrari/f40/1990/243617,/cars/ferrari/f40/243617,1990 Ferrari F40,0,Not Sold,0,Not Sold,0,Not Sold,,https://www.bonhams.com/auction/28310/lot/134P/1990-ferrari-f40-chassis-no-zffgj34b000083961/,1990,https://www.theclassicvaluer.com,Not Sold
20th May 2023,RM Sotheby's • Villa Erba,RM Sotheby's,Italy,Villa Erba,ZFFGJ34B000080763,https://tcv-images.s3.eu-west-2.amazonaws.com/cars/DwQ65ANnQSgMchxxGdsHu0xErXnRl2ZoYfXvEFcOqKdVc94BH8d1XahQfaslc3gN5k5co0CBYY0UW6FatxL6dw.jpeg,/cars/ferrari/f40/1989/242213,/cars/ferrari/f40/242213,1989 Ferrari F40,2114375,"€2,114,375",1.869382e+06,"£1,869,382",2303400,"$2,303,400",,https://rmsothebys.com/en/auctions/ve23/villa-erba/lots/r0054-1989-ferrari-f40/1345995,1989,https://www.theclassicvaluer.com,Sold
4th Mar 2023,RM Sotheby's • Amelia Island 2023,RM Sotheby's,United States,Amelia Island 2023,ZFFGJ34B000089121,https://tcv-images.s3.eu-west-2.amazonaws.com/cars/sDvRCxYuP9bTezOzfg8z003G-KFmLkQhQFz7_QPiMGzembB-3Jeq9J0VhmlW3fS3a9l6sIrpa4qsXkrxz5ffZQ.jpeg,/cars/ferrari/f40/1991/379623,/cars/ferrari/f40/379623,1991 Ferrari F40,0,Not Sold,0,Not Sold,0,Not Sold,,https://rmsothebys.com/en/auctions/am23/amelia-island/lots/r0035-1991-ferrari-f40/1326337,1991,https://www.theclassicvaluer.com,Not Sold
2nd Mar 2023,Gooding & Co • Amelia Island Auctions,Gooding & Co,United States,Amelia Island Auctions 2023,ZFFMN34A0L0086620,https://tcv-images.s3.eu-west-2.amazonaws.com/cars/ibBWufVtjBSmR0G2d6QT0hzIWEQVXrhnebPikmtGgFJ7Y7B26KP_s1auMlp54BvabNX0luBASyQpWpH0cdnWTw.jpeg,/cars/ferrari/f40/1990/192466,/cars/ferrari/f40/192466,1990 Ferrari F40,2831834,"€2,831,834",2.503709e+06,"£2,503,709",3085000,"$3,085,000",,https://www.goodingco.com/lot/1990-ferrari-f40-1a/,1990,https://www.theclassicvaluer.com,Sold
2nd Mar 2023,Bonhams • The Amelia Island Auction,Bonhams,United States,The Amelia Island Auction,ZFFMN34A3N0092396,https://tcv-images.s3.eu-west-2.amazonaws.com/cars/1ffYXOjvRtLfZ1-dPtpVAJixiz5QT61XWg-O6SoKle6PzIlfY_Fc0A7Csr7JFgPxGUWuh-wpKc63hmhWNYkaHQ.jpeg,/cars/ferrari/f40/1992/190687,/cars/ferrari/f40/190687,1992 Ferrari F40,0,Not Sold,0,Not Sold,0,Not Sold,,https://www.bonhams.com/auction/28010/lot/162/1992-ferrari-f40-vin-zffmn34a3n0092396-engine-no-f120d-040-29815/,1992,https://www.theclassicvaluer.com,Not Sold
4th Feb 2023,Artcurial • Rétromobile 2023,Artcurial,France,Rétromobile 2023,,https://tcv-images.s3.eu-west-2.amazonaws.com/cars/WfAsJ32rYX5ONkN76RXoIiDNjgg7nCZFEk7eMs8nIAq1BrjZtSJXHjgHqUIbJaBIhA94T_SSNn1dmpQj7hAlxg.jpeg,/cars/ferrari/f40/1992/228480,/cars/ferrari/f40/228480,1992 Ferrari F40,2216800,"€2,216,800",1.959939e+06,"£1,959,939",2414982,"$2,414,982",,https://www.artcurial.com/en/lot-1992-ferrari-f40-4315-226,1992,https://www.theclassicvaluer.com,Sold
2nd Feb 2023,Bonhams • Les Grandes Marques du Monde à Paris,Bonhams,France,Les Grandes Marques du Monde à Paris,ZFFGJ34B000077676,https://tcv-images.s3.eu-west-2.amazonaws.com/cars/VxZKuw_4uRdxQdEPIbsZfIXwPrewKMAoN4xO54GuiU2HwmmS5iuU77qqRzinFmVAz2RQWf7hGaMxpAlTQXlI9Q.jpeg,/cars/ferrari/f40/1988/188500,/cars/ferrari/f40/188500,"The 24th example built. Highly desirable first 50, 'pre-series' model 1988 Ferrari F40",2185000,"€2,185,000",1.931824e+06,"£1,931,824",2380339,"$2,380,339",,https://www.bonhams.com/auction/27987/lot/565/1988-ferrari-f40-chassis-no-zffgj34b000077676/,1988,https://www.theclassicvaluer.com,Sold
1st Feb 2023,RM Sotheby's • Paris 2023,RM Sotheby's,France,Paris,ZFFGJ34B000085308,https://tcv-images.s3.eu-west-2.amazonaws.com/cars/6J3K2pEx35DvtQwi3Z-9-pggrTCPDN53VUIvKsHLq8ntC-f4p8_30XN47CKm5RCCYra4hKRospuq5kmVZkIG2A.jpeg,/cars/ferrari/f40/1990/377873,/cars/ferrari/f40/377873,1990 Ferrari F40,1917500,"€1,917,500",1.695319e+06,"£1,695,319",2088924,"$2,088,924",,https://rmsothebys.com/en/auctions/pa23/paris/lots/r0083-1990-ferrari-f40/1319376,1990,https://www.theclassicvaluer.com,Sold
28th Jan 2023,Barrett Jackson • Scottsdale 2023,Barrett Jackson,United States,Scottsdale 2023,ZFFGJ34B000080782,https://tcv-images.s3.eu-west-2.amazonaws.com/cars/TsuWX7dxvxTJJVGEyhPcszyos_0gaOMM3Ec2GYD7GdCxcUPJf-bDF86ilBr6iSO-AFypXUzbLg_0Wxw2SKi2zQ.jpeg,/cars/ferrari/f40/1989/209183,/cars/ferrari/f40/209183,1989 FERRARI F40,2578286,"€2,578,286",2.286759e+06,"£2,286,759",2750000,"$2,750,000",,https://www.barrett-jackson.com/Events/Event/Details/1989-FERRARI-F40-265451,1989,https://www.theclassicvaluer.com,Sold
26th Jan 2023,RM Sotheby's • Arizona 2023,RM Sotheby's,United States,Arizona,ZFFGJ34B000094277,https://tcv-images.s3.eu-west-2.amazonaws.com/cars/bZ9zPTdMUySXDiLqPiEEcO0nncDVyiRKL9239U_FJYMBtku2OgONUqEarag3YvZR2qGbJc7EydPLql1zDCdr1Q.jpeg,/cars/ferrari/f40/1992/453997,/cars/ferrari/f40/453997,1992 Ferrari F40,2014550,"€2,014,550",1.78235e+06,"£1,782,350",2150000,"$2,150,000",,https://rmsothebys.com/auctions/az23/lots/r0043-1992-ferrari-f40/,1992,https://www.theclassicvaluer.com,Sold
4th Jan 2023,Mecum • Kissimmee 2023,Mecum,United States,Kissimmee 2023,,https://tcv-images.s3.eu-west-2.amazonaws.com/cars/_OjUKcdiyHNvLKlfdqeu61LgqS24HV7_cLWS2UfXC6ZxzvPibFus-XsMEvFcm_Ydjm21c8kqWMtuvtcrTCmikg.jpeg,/cars/ferrari/f40/1992/335361,/cars/ferrari/f40/335361,1992 Ferrari F40,2939246,"€2,939,246",2.606905e+06,"£2,606,905",3135000,"$3,135,000",,https://www.mecum.com/lots/FL0123-539740/1992-ferrari-f40/,1992,https://www.theclassicvaluer.com,Sold
10th Dec 2022,RM Sotheby's • Miami,RM Sotheby's,United States,Miami,ZFFMN34A2L0085596,https://tcv-images.s3.eu-west-2.amazonaws.com/cars/eKIgmYL40x12e2O-M4C38ySzYn9LNjwmzEVxumCQffHuChzTpPcelM-dFvm8GdeOQpJwIOVbsJelq3tHgdjnvQ.jpeg,/cars/ferrari/f40/1990/228471,/cars/ferrari/f40/228471,1990 Ferrari F40,3108858,"€3,108,858",2.664758e+06,"£2,664,758",3250000,"$3,250,000",,https://rmsothebys.com/en/auctions/mi22/miami/lots/r0022-1990-ferrari-f40/1286603,1990,https://www.theclassicvaluer.com,Sold
26th Nov 2022,RM Sotheby's • Munich,RM Sotheby's,Germany,Munich,ZFFGJ34B000089385,https://tcv-images.s3.eu-west-2.amazonaws.com/cars/8DIcut83K1i2nmw6XJyAL8_sggg2GMiUtZ0ugtfmMxt-E_AVZRfJoMWR9YHrGo9qbKXHzRZ4zdb-LQ9brRYsDA.jpeg,/cars/ferrari/f40/1991/228474,/cars/ferrari/f40/228474,1991 Ferrari F40,2311250,"€2,311,250",1.989016e+06,"£1,989,016",2299000,"$2,299,000",,https://rmsothebys.com/en/auctions/mu22/munich/lots/r0056-1991-ferrari-f40/1306718,1991,https://www.theclassicvaluer.com,Sold
10th Nov 2022,Collecting Cars • 2022,Collecting Cars,United Kingdom,2022,ZFFGJ34B000085308,https://tcv-images.s3.eu-west-2.amazonaws.com/cars/ic6jvpQJ0ChSAYcXBtm6sitvtpILjlGOcj1SJIESEZy4m-nQPJ3UnbFoVEQHriOGvWUUWkGAS8EMnnvj-nrqvg.jpeg,/cars/ferrari/f40/1990/126681,/cars/ferrari/f40/126681,1990 FERRARI F40,2012023,"€2,012,023",1.7572e+06,"£1,757,200",1993109,"$1,993,109",,https://collectingcars.com/for-sale/1990-ferrari-f40,1990,https://www.theclassicvaluer.com,Sold
5th Nov 2022,RM Sotheby's • London,RM Sotheby's,United Kingdom,London,ZFFGJ34B000088895,https://tcv-images.s3.eu-west-2.amazonaws.com/cars/6XQi0LyaCggSO-WXiNLlSNp6xYVrVwIoW2jiytgB8fz6b4sXpe7FKRwKpKxts6N0G-iDYv8Y3UB3gh3tQhHMmQ.jpeg,/cars/ferrari/f40/1991/126703,/cars/ferrari/f40/126703,1991 Ferrari F40,1615904,"€1,615,904",1.41125e+06,"£1,411,250",1600715,"$1,600,715",,https://rmsothebys.com/en/auctions/lf22/london/lots/r0038-1991-ferrari-f40/1301213,1991,https://www.theclassicvaluer.com,Sold
4th Nov 2022,Bring A Trailer • 2022,Bring A Trailer,United States,2022,ZFFGJ34B000079763,https://tcv-images.s3.eu-west-2.amazonaws.com/cars/OrUq6HNJ0_c3OzbWgrm0TbjwDKAfyKfDtEwIQHNoBq6EEWTJqgac28Xje1u8h-NAIGeRmyZ1gz6f5CIQnPIMfQ.jpeg,/cars/ferrari/f40/1989/126665,/cars/ferrari/f40/126665,1989 Ferrari F40,0,Not Sold,0,Not Sold,0,Not Sold,,https://bringatrailer.com/listing/1989-ferrari-f40-3/,1989,https://www.theclassicvaluer.com,Not Sold
20th Aug 2022,RM Sotheby's • Monterey,RM Sotheby's,United States,Monterey,ZFFMN34AXN0091097,https://tcv-images.s3.eu-west-2.amazonaws.com/cars/wyVZNoG-8W5yW7LUfCJWn-EsR4r2AeKkeCPdvyyT-XdnJalHGthDDIS1FRoQ-c9SXqHYfL2CVdIykdyjeH8_XA.jpeg,/cars/ferrari/f40/1992/228479,/cars/ferrari/f40/228479,1992 Ferrari F40,3767224,"€3,767,224",3.153166e+06,"£3,153,166",3855000,"$3,855,000",,https://rmsothebys.com/en/auctions/mo22/monterey/lots/r0001-1992-ferrari-f40/1220094,1992,https://www.theclassicvaluer.com,Sold
19th Aug 2022,Gooding & Co • Pebble Beach Auctions,Gooding & Co,United States,Pebble Beach Auctions 2022,ZFFMN34A0L0087041,https://tcv-images.s3.eu-west-2.amazonaws.com/cars/cyTaSlHz7Clak6HBDEDxwz6hBUjOY91DgDeNgncuLl7lFoG_E4cCYPliC5cNKesgpm1BHvKoKY27k5SIpGhhnA.jpeg,/cars/ferrari/f40/1990/192465,/cars/ferrari/f40/192465,1990 Ferrari F40,3874719,"€3,874,719",3.24314e+06,"£3,243,140",3965000,"$3,965,000",,https://www.goodingco.com/lot/1990-ferrari-f40-1/,1990,https://www.theclassicvaluer.com,Sold
18th Aug 2022,Broad Arrow • Monterey Jet Center Auction,Broad Arrow,United States,Monterey Jet Center Auction,,https://tcv-images.s3.eu-west-2.amazonaws.com/cars/L3c5q1s9R7crayU8em7dktN3G68FhoMJKtr2x0OLZ5aobkyHdYkWQpm8qp4rcii10AJb2k2-HgM25IaEkU48JA.jpeg,/cars/ferrari/f40/1990/191057,/cars/ferrari/f40/191057,1990 Ferrari F40,1939803,"€1,939,803",1.623615e+06,"£1,623,615",1985000,"$1,985,000",,https://www.broadarrowauctions.com/vehicles/jc22_077/1990-ferrari-f40,1990,https://www.theclassicvaluer.com,Sold
5th Aug 2022,Bring A Trailer • 2022,Bring A Trailer,United States,2022,ZFFGJ34B000094545,https://tcv-images.s3.eu-west-2.amazonaws.com/cars/rYqy5CIlTNbOpAYeQ8U4GHW0VNjO7_oSknRBlnuqhnHxBQJ91t4wf-yIn0EuoWPSm7eKP0aQ8DIBTShUYeqyCg.jpeg,/cars/ferrari/f40/1992/126717,/cars/ferrari/f40/126717,1992 Ferrari F40,2008995,"€2,008,995",1.727806e+06,"£1,727,806",2445444,"$2,445,444",,https://bringatrailer.com/listing/1992-ferrari-f40-2/,1992,https://www.theclassicvaluer.com,Sold
3rd Jul 2022,Bonhams • The Gstaad Sale,Bonhams,Switzerland,The Gstaad Sale,ZFFGJ34B000089982,https://tcv-images.s3.eu-west-2.amazonaws.com/cars/YTzf5Tn0vFZqe79e9_xTk_De5lZz0Ozr3UAo6hi2iOx4ROu5wKT_AEyPZf76DC92H2cr-mQsRjY4NFIEP0uSuA.jpeg,/cars/ferrari/f40/1991/452638,/cars/ferrari/f40/452638,"138 — Delivered new to Switzerland, offered with all books and tools 1991 Ferrari F40",1949736,"€1,949,736",1.689407e+06,"£1,689,407",2032599,"$2,032,599",,https://cars.bonhams.com/auction/27530/lot/138/1991-ferrari-f40chassis-no-zffgj34b000089982-engine-no-27824/,1991,https://www.theclassicvaluer.com,Sold
19th May 2022,Bring A Trailer • 2022,Bring A Trailer,United States,2022,ZFFGJ34B000084089,https://tcv-images.s3.eu-west-2.amazonaws.com/cars/ghNRf1sOlNu_5D53cYBoCK1rjlNg-IfSc7njgj8HufJdWdm_bFOtmFhXxipELWIvZXEKQ8ZjejRPVmYkJJjUBQ.jpeg,/cars/ferrari/f40/1990/126682,/cars/ferrari/f40/126682,1990 Ferrari F40,0,Not Sold,0,Not Sold,0,Not Sold,,https://bringatrailer.com/listing/1990-ferrari-f40/,1990,https://www.theclassicvaluer.com,Not Sold
19th Mar 2022,Artcurial • Rétromobile 2022,Artcurial,France,Rétromobile 2022,,https://tcv-images.s3.eu-west-2.amazonaws.com/cars/-Y62xanfzunqZL9I6imizxgUxSQKBcs-oMMd5UM9qfKt-3NaDrFikLl_6e6X0pEhjvDUuYoGI5i84TJo-kBXvw.jpeg,/cars/ferrari/f40/1989/228354,/cars/ferrari/f40/228354,1989 Ferrari F40,2102400,"€2,102,400",1.751089e+06,"£1,751,089",2346699,"$2,346,699",T040,https://www.artcurial.com/en/lot-1989-ferrari-f40-4134-161,1989,https://www.theclassicvaluer.com,Sold
4th Mar 2022,Gooding & Co • Amelia Island Auction,Gooding & Co,United States,Amelia Island Auction 2022,ZFFMN34AXM0090000,https://tcv-images.s3.eu-west-2.amazonaws.com/cars/YwD9ytTtKjm1UY_Kd58bzsPbJPa9TrNqvsX2_s-FHwJgZGwETASbey18bk273WVy_1kkcCQeidOtTbdRCo7phQ.jpeg,/cars/ferrari/f40/1991/192464,/cars/ferrari/f40/192464,1991 Ferrari F40,2197187,"€2,197,187",1.830037e+06,"£1,830,037",2452500,"$2,452,500",,https://www.goodingco.com/lot/1991-ferrari-f40-1/,1991,https://www.theclassicvaluer.com,Sold
6th Jan 2022,Mecum • Kissimmee 2022,Mecum,United States,Kissimmee 2022,,https://tcv-images.s3.eu-west-2.amazonaws.com/cars/yQdD9Vn-KM6RsbWBTl7q-o9W2b7sSxPMe1W8rlbbBMdo6ZoAxUx2h-Jcsh48HCT7hm085ttTJ1XxF6t_NjQZmg.jpeg,/cars/ferrari/f40/1992/340795,/cars/ferrari/f40/340795,1992 Ferrari F40,2428041,"€2,428,041",2.040234e+06,"£2,040,234",2750000,"$2,750,000",,https://www.mecum.com/lots/FL0122-487832/1992-ferrari-f40/,1992,https://www.theclassicvaluer.com,Sold
10th Oct 2021,Bonhams • The Zoute Sale,Bonhams,Belgium,The Zoute Sale,ZFFGJ34B000083620,https://tcv-images.s3.eu-west-2.amazonaws.com/cars/vrF0ck8xgZ8hN2iX9yCpvIxTiU-zlFICQIGxRLpEFLtRj9n5Bx2RBrrwXUn0D3ZkHZAb-sQePatjSInyfxDyAw.jpeg,/cars/ferrari/f40/1989/126666,/cars/ferrari/f40/126666,1989 Ferrari F40 Berlinetta,1840000,"€1,840,000",1.582474e+06,"£1,582,474",2239751,"$2,239,751",,https://www.bonhams.com/auctions/26997/lot/16/?category=list&length=10000&page=1,1989,https://www.theclassicvaluer.com,Sold
13th Aug 2021,Gooding & Co • Pebble Beach 2021,Gooding & Co,United States,Pebble Beach 2021,ZFFMN34A7N0093518,https://tcv-images.s3.eu-west-2.amazonaws.com/cars/_CyrpAsL0Utu8U8DEpZOg7OOlrKgsvf6RdVeZCB2QVkwC6mQ-8eaGT6C0pvdGziQcLEd_Gjm6gPezsDRDuiNNg.jpeg,/cars/ferrari/f40/1992/192462,/cars/ferrari/f40/192462,1992 Ferrari F40,2432512,"€2,432,512",2.071041e+06,"£2,071,041",2892500,"$2,892,500",,https://www.goodingco.com/lot/1992-ferrari-f40-1/,1992,https://www.theclassicvaluer.com,Sold
13th Aug 2021,RM Sotheby's • Monterey,RM Sotheby's,United States,Monterey,ZFFMN34A9M0087895,https://tcv-images.s3.eu-west-2.amazonaws.com/cars/kx1uc8MPoOWMlRcuYAi-W4vXcGp3XIz1chtfoB1yRAtlWLU3Rfx-PERyycZMuX9yO521pUesVlnVoH9HxW5nPQ.jpeg,/cars/ferrari/f40/1991/126704,/cars/ferrari/f40/126704,1991 Ferrari F40,1992201,"€1,992,201",1.713362e+06,"£1,713,362",2425000,"$2,425,000",BY BY COP,https://rmsothebys.com/en/auctions/mo21/monterey/lots/r0115-1991-ferrari-f40/1128793,1991,https://www.theclassicvaluer.com,Sold
13th Aug 2021,Bonhams • Quail Lodge Auction,Bonhams,United States,Quail Lodge Auction,ZFFMN34A7N0093065,https://tcv-images.s3.eu-west-2.amazonaws.com/cars/5x86RcqYuJasG0TTTdKkmvgoFpwJEYJyP-1y1IDU4SkRHmTJbNk0uR3QgzAGRaCD6glzyv3V5B4laMli_HwO6g.jpeg,/cars/ferrari/f40/1992/126718,/cars/ferrari/f40/126718,1992 Ferrari F40,1314442,"€1,314,442",1.130466e+06,"£1,130,466",1600000,"$1,600,000",,https://www.bonhams.com/auctions/26887/lot/40/?category=list&length=10000&page=1,1992,https://www.theclassicvaluer.com,Sold
9th Jul 2021,Bonhams • Goodwood Festival of Speed,Bonhams,United Kingdom,Goodwood Festival of Speed,ZFFGJ34B000084104,https://tcv-images.s3.eu-west-2.amazonaws.com/cars/8T8hE8HdJmaKvI_pGddh34rApQLgh91NlEeSVOJiqY8S7enrt3MwgXUXvV41NNN8zTwzUxDEHxQ893Ap9oq4EQ.jpeg,/cars/ferrari/f40/1990/126683,/cars/ferrari/f40/126683,1990 Ferrari F40 Berlinetta,1026703,"€1,026,703",883000,"£883,000",1249753,"$1,249,753",G313 XPK,https://www.bonhams.com/auctions/26999/lot/246/?category=list&length=10000&page=1,1990,https://www.theclassicvaluer.com,Sold
22nd May 2021,RM Sotheby's • Amelia Island,RM Sotheby's,United States,Amelia Island,ZFFMN34A0N0093103,https://tcv-images.s3.eu-west-2.amazonaws.com/cars/Xw7BmfqGzTpYicDMk0l01sJ_S0UtSaa8vLRVnmwSTQxqbZmCIC3HVny4A5HiUnh93yB63exMOd5tp8EeSfSO2Q.jpeg,/cars/ferrari/f40/1992/126719,/cars/ferrari/f40/126719,1992 Ferrari F40,1679640,"€1,679,640",1.448843e+06,"£1,448,843",2040000,"$2,040,000",,https://rmsothebys.com/en/auctions/am21/amelia-island/lots/r0080-1992-ferrari-f40/1078551,1992,https://www.theclassicvaluer.com,Sold
31st Oct 2020,RM Sotheby's • London,RM Sotheby's,United Kingdom,London,ZFFGJ34B000084643,https://tcv-images.s3.eu-west-2.amazonaws.com/cars/shOx72lZEowH_Al7AZLO-nS7-rtdDupsvq7RBOtL2ehO95AB3BvxVhN5MIz2kW5P4VoiTuunoXDBjHHlMkFhHw.jpeg,/cars/ferrari/f40/1990/126685,/cars/ferrari/f40/126685,1990 Ferrari F40,0,Not Sold,0,Not Sold,0,Not Sold,,https://rmsothebys.com/en/auctions/lf20/london/lots/r0041-1990-ferrari-f40/998058,1990,https://www.theclassicvaluer.com,Not Sold
17th Oct 2020,Bonhams • Goodwood Speedweek,Bonhams,United Kingdom,Goodwood Speedweek,ZFFGJ34B000088446,https://tcv-images.s3.eu-west-2.amazonaws.com/cars/XIvcNN7Dg4he53Gmg3lzVZtF6o95Xw312YDOGkYg_x47sW6mCIwf57Pnfg-69Zbe9bTT36k_uR9kTZKX1VwUaw.jpeg,/cars/ferrari/f40/1991/126705,/cars/ferrari/f40/126705,1991 Ferrari F40 Berlinetta,0,Not Sold,0,Not Sold,0,Not Sold,F4 ODN,https://www.bonhams.com/auctions/26117/lot/289/?category=list&length=10000&page=1,1991,https://www.theclassicvaluer.com,Not Sold
15th Aug 2020,RM Sotheby's • SHIFT/Monterey,RM Sotheby's,United States,SHIFT/Monterey,ZFFMN34A6M0087627,https://tcv-images.s3.eu-west-2.amazonaws.com/cars/nmevlkjRqzqg22T-7S3bCRRASMSYSakuifhy1pMnP45CoDAB41Hox326R21dOKtg7rlyUfr7bcnrYT--OoQ4IQ.jpeg,/cars/ferrari/f40/1991/126706,/cars/ferrari/f40/126706,1991 Ferrari F40,1173284,"€1,173,284",1.057985e+06,"£1,057,985",1386000,"$1,386,000",,https://rmsothebys.com/en/auctions/mo20/shift-monterey/lots/r0019-1991-ferrari-f40/916316,1991,https://www.theclassicvaluer.com,Sold
3rd Aug 2020,Gooding & Co • Geared Online | August,Gooding & Co,United States,Geared Online | August,ZFFMN34A4N0090446,https://tcv-images.s3.eu-west-2.amazonaws.com/cars/Wj_ewFour5Cb1eDmRgoAI7DZK1eByTyki5Zw1nSo4L-wk1dfcKgEqsYoYUx6mEdFbN0GD0B_TItbjWnGMj8c-A.jpeg,/cars/ferrari/f40/1992/192463,/cars/ferrari/f40/192463,1992 Ferrari F40,1374072,"€1,374,072",1.237393e+06,"£1,237,393",1628000,"$1,628,000",,https://www.goodingco.com/lot/1992-ferrari-f40-2/,1992,https://www.theclassicvaluer.com,Sold
21st Jul 2020,Artcurial • Monaco 2020 by Artcurial Motorcars,Artcurial,Monaco,Monaco 2020 by Artcurial Motorcars,84997,https://tcv-images.s3.eu-west-2.amazonaws.com/cars/qwayZXXDnun9xbGHZ7HVvO5PLHFos8L2oMnHQQJqB5JF9f6YTW1xYsVFrnje7WVSzggyZsfl4rPr6jTAct0xKQ.jpeg,/cars/ferrari/f40/1990/228472,/cars/ferrari/f40/228472,1990 Ferrari F40,959560,"€959,560",867730,"£867,730",1074707,"$1,074,707",THE F40,https://www.artcurial.com/en/lot-1990-ferrari-f40-m1076-683,1990,https://www.theclassicvaluer.com,Sold
7th Mar 2020,RM Sotheby's • Amelia Island,RM Sotheby's,United States,Amelia Island,ZFFMN34A3N0092978,https://tcv-images.s3.eu-west-2.amazonaws.com/cars/gaVr2dczCHd4X0TXicsRfTMtaqoIzvMAIGXXYYEIR9Gc7S8Rwtxw7eL1y2luABnunMbyf9eVmIuiKSH9dbGkDw.jpeg,/cars/ferrari/f40/1992/126720,/cars/ferrari/f40/126720,1992 Ferrari F40,0,Not Sold,0,Not Sold,0,Not Sold,,https://rmsothebys.com/en/auctions/am20/amelia-island/lots/r0121-1992-ferrari-f40/852168,1992,https://www.theclassicvaluer.com,Not Sold
7th Feb 2020,Artcurial • Rétromobile 2020,Artcurial,France,Rétromobile 2020,,https://tcv-images.s3.eu-west-2.amazonaws.com/cars/UddEd17Uj-oh5DwYyc5f5IPIRYZVCKTo57qvSuB0kmeEIPmFYCsPnMSUYhiqWfbh4zEiJ3GlIM1ONbUxIgFhZA.jpeg,/cars/ferrari/f40/1991/228475,/cars/ferrari/f40/228475,1991 Ferrari F40,1112840,"€1,112,840",936733,"£936,733",1229911,"$1,229,911",,https://www.artcurial.com/en/lot-1991-ferrari-f40-3980-115,1991,https://www.theclassicvaluer.com,Sold
30th Nov 2019,RM Sotheby's • Abu Dhabi,RM Sotheby's,United Arab Emirates,Abu Dhabi,ZFFGJ34B000084467,https://tcv-images.s3.eu-west-2.amazonaws.com/cars/l0dUZ0z5HQJ6E9N1kZeiei1s67TjqY4URrTsYdq8DILQpfonTI_cdaC5TK2_fFE81eJMYya2fmw6R4rFYE7X7w.jpeg,/cars/ferrari/f40/1990/126686,/cars/ferrari/f40/126686,1990 Ferrari F40,0,Not Sold,0,Not Sold,0,Not Sold,,https://rmsothebys.com/en/auctions/ad19/abu-dhabi/lots/r0002-1990-ferrari-f40/777913,1990,https://www.theclassicvaluer.com,Not Sold
11th Oct 2019,Bonhams • The Zoute Sale,Bonhams,Belgium,The Zoute Sale,ZFFGJ34B000080747,https://tcv-images.s3.eu-west-2.amazonaws.com/cars/IeToAasxwHARx8GEPPjDc53MglWVZF-A920Ji-G3nFht4Ja4IVqQQpqMM22zq1Q6mmZGjczQUUSXdgFlGf-snQ.jpeg,/cars/ferrari/f40/1989/126667,/cars/ferrari/f40/126667,1989 Ferrari F40 Berlinetta,920000,"€920,000",805166,"£805,166",1015956,"$1,015,956",,https://www.bonhams.com/auctions/25565/lot/35/?category=list&length=10000&page=1,1989,https://www.theclassicvaluer.com,Sold
17th Aug 2019,RM Sotheby's • Monterey,RM Sotheby's,United States,Monterey,ZFFMN34A5M0087568,https://tcv-images.s3.eu-west-2.amazonaws.com/cars/l5BsQDY6PtqGVvxZiWZGomB0iqKTNT7-Bz5QczeWhLjNK8IKFrGnGgjpR7SucE9DgFLIGzpfvfjh5YtzTUkt1Q.jpeg,/cars/ferrari/f40/1991/126707,/cars/ferrari/f40/126707,1991 Ferrari F40,1519050,"€1,519,050",1.382837e+06,"£1,382,837",1682500,"$1,682,500",,https://rmsothebys.com/en/auctions/mo19/monterey/lots/r0080-1991-ferrari-f40/781618,1991,https://www.theclassicvaluer.com,Sold
16th Aug 2019,Bonhams • Quail Lodge Auction,Bonhams,United States,Quail Lodge Auction,ZFFGJ34B000079763,https://tcv-images.s3.eu-west-2.amazonaws.com/cars/Ex5lbjD9Cxe2zemLAIRv1NdjcSicPHvisKWVCsNRidVD6pbgl71uk69ki1d9W61C0xxmLbzOdvJ4qSRjWIEnrA.jpeg,/cars/ferrari/f40/1989/126668,/cars/ferrari/f40/126668,1989 Ferrari F40,0,Not Sold,0,Not Sold,0,Not Sold,,https://www.bonhams.com/auctions/25221/lot/173/?category=list&length=10000&page=1,1989,https://www.theclassicvaluer.com,Not Sold
16th Aug 2019,Gooding & Co • 2019 Pebble Beach Auction,Gooding & Co,United States,2019 Pebble Beach Auction,,https://tcv-images.s3.eu-west-2.amazonaws.com/cars/NYjUwOmAV5x4izkpeNwz0u7fQAbxacWfsS74YS3S177FDmzT1WN40FtSqRkXNZ4do9xtQeOvjT34PPhKvv1zLw.jpeg,/cars/ferrari/f40/1990/373567,/cars/ferrari/f40/373567,1990 Ferrari F40,0,Not Sold,0,Not Sold,0,Not Sold,,https://www.goodingco.com/#436931990ferrarif40,1990,https://www.theclassicvaluer.com,Not Sold
9th Mar 2019,RM Sotheby's • Amelia Island,RM Sotheby's,United States,Amelia Island,ZFFGJ34B000091464,https://tcv-images.s3.eu-west-2.amazonaws.com/cars/oXAafXPbgqPpuMQK0HkfANvfjKg8wVMj1-p3xVj1sK2TbvcSj-KoX_5_kyhzesWb3whTEjS5AiYhvz3oOfB7VA.jpeg,/cars/ferrari/f40/1992/126721,/cars/ferrari/f40/126721,1992 Ferrari F40,906256,"€906,256",778519,"£778,519",1017000,"$1,017,000",M-WW 8833,https://rmsothebys.com/en/auctions/am19/amelia-island/lots/r0123-1992-ferrari-f40/747151,1992,https://www.theclassicvaluer.com,Sold
3rd Jan 2019,Mecum • Kissimmee 2019,Mecum,United States,Kissimmee 2019,ZFFMN34AXN0092296,https://tcv-images.s3.eu-west-2.amazonaws.com/cars/ig1wJi64eqiShIF7anhchBiKcpP_c5Jo0mXahfj8jvUCT7GQG9Bku0iGQ0sNPu4sGTHd1N2HHm5oCKQDlK1QDw.jpeg,/cars/ferrari/f40/1992/274369,/cars/ferrari/f40/274369,1992 Ferrari F40,0,Not Sold,0,Not Sold,0,Not Sold,,https://www.mecum.com/lots/367933/1992-ferrari-f40/,1992,https://www.theclassicvaluer.com,Not Sold
8th Dec 2018,RM Sotheby's • The Petersen Automotive Museum Auction,RM Sotheby's,United States,The Petersen Automotive Museum Auction,ZFFGJ34B000080161,https://tcv-images.s3.eu-west-2.amazonaws.com/cars/rYIHO28rZq1huNhorh-W778YEhXdH7E8Eek8J1LVnzfEQ-ZoQ9R6kZN2LVkt7M5065QG2j4ToVkq6k90NEEN0w.jpeg,/cars/ferrari/f40/1989/126669,/cars/ferrari/f40/126669,1989 Ferrari F40,1358720,"€1,358,720",1.210415e+06,"£1,210,415",1545000,"$1,545,000",,https://rmsothebys.com/en/auctions/ca18/the-petersen-automotive-museum-auction/lots/r0058-1989-ferrari-f40/729882,1989,https://www.theclassicvaluer.com,Sold
25th Aug 2018,RM Sotheby's • Monterey,RM Sotheby's,United States,Monterey,ZFFMN34A0L0087041,https://tcv-images.s3.eu-west-2.amazonaws.com/cars/CJT4Kzld-fpbxmzP-U8TGFpTzviwO2FmKwCOkOH7dqO3jFHsmbJIzy_1384cx4-jXl5xEzfarSI_4J3jbbVSbQ.jpeg,/cars/ferrari/f40/1990/126687,/cars/ferrari/f40/126687,1990 Ferrari F40,1475664,"€1,475,664",1.331049e+06,"£1,331,049",1710000,"$1,710,000",,https://rmsothebys.com/en/auctions/mo18/monterey/lots/r0106-1990-ferrari-f40/694019,1990,https://www.theclassicvaluer.com,Sold
24th Aug 2018,Gooding & Co • 2018 Pebble Beach Auction,Gooding & Co,United States,2018 Pebble Beach Auction,,https://tcv-images.s3.eu-west-2.amazonaws.com/cars/kANdCWlsL5ElxCia-t2oXTLGo8MqEfwxQLE6-T5pLAu_qFcZmIyEYIGXIhg-cZgHcn5uZIyOdsx7SWtFscNTkw.jpeg,/cars/ferrari/f40/1991/368205,/cars/ferrari/f40/368205,1991 Ferrari F40,897743,"€897,743",799350,"£799,350",1050000,"$1,050,000",,https://www.goodingco.com/#433361991ferrarif40,1991,https://www.theclassicvaluer.com,Sold
10th Feb 2018,Artcurial • Rétromobile 2018,Artcurial,France,Rétromobile 2018,,https://tcv-images.s3.eu-west-2.amazonaws.com/cars/KQGoTgLvD_3LtAEikpcYUfStANH2UOw0IP6EKyHnxsIjK6qst7i204NJqId1SwqSifRqmSl16bFDTqOeTY23UQ.jpeg,/cars/ferrari/f40/1990/228473,/cars/ferrari/f40/228473,1990 Ferrari F40,953600,"€953,600",834591,"£834,591",1188090,"$1,188,090",,https://www.artcurial.com/en/lot-1990-ferrari-f40-3279-86,1990,https://www.theclassicvaluer.com,Sold
7th Feb 2018,RM Sotheby's • Paris,RM Sotheby's,France,Paris,ZFFGJ34B000093710,https://tcv-images.s3.eu-west-2.amazonaws.com/cars/JRXM31egOCpAPeib8mq2lTV_TJf6kX0J3Ww04aA0jKxAvVuq9vCdrQ1kC6_hOcCYOwHUy4iIRYhGu-dhtBnTLQ.jpeg,/cars/ferrari/f40/1992/126723,/cars/ferrari/f40/126723,1992 Ferrari F40,933125,"€933,125",827449,"£827,449",1151290,"$1,151,290",,https://rmsothebys.com/en/auctions/pa18/paris/lots/r0026-1992-ferrari-f40/578126,1992,https://www.theclassicvaluer.com,Sold
18th Jan 2018,Bonhams • The Scottsdale Auction,Bonhams,United States,The Scottsdale Auction,ZFFMN34A8M0088374,https://tcv-images.s3.eu-west-2.amazonaws.com/cars/ux7EMbqUqj8KBMKA9rcPWH5DyTsmtGLy4ppkDW90X1LDdQ7oX6mOTVWVcE8yqtZ4j0-MLf8-IhmmVw2OtZ2cdg.jpeg,/cars/ferrari/f40/1991/126708,/cars/ferrari/f40/126708,1991 Ferrari F40,1236208,"€1,236,208",1.090434e+06,"£1,090,434",1512500,"$1,512,500",,https://www.bonhams.com/auctions/24452/lot/28/?category=list&length=10000&page=1,1991,https://www.theclassicvaluer.com,Sold
6th Dec 2017,RM Sotheby's • New York - ICONS,RM Sotheby's,United States,New York - ICONS,ZFFMN34AXL0087144,https://tcv-images.s3.eu-west-2.amazonaws.com/cars/XnHXnRv7IOiKMPg4hmSbwsuB9S8nKT69FmYpI1ub22ai-JSIGIkADDOy_QjkcLIse1tPJHmCh56gt3w4vfBtkg.jpeg,/cars/ferrari/f40/1990/126689,/cars/ferrari/f40/126689,1990 Ferrari F40,1051451,"€1,051,451",928800,"£928,800",1242500,"$1,242,500",,https://rmsothebys.com/en/auctions/ny17/new-york---icons/lots/r010-1990-ferrari-f40/545604,1990,https://www.theclassicvaluer.com,Sold
9th Sep 2017,RM Sotheby's • Ferrari – Leggenda e Passione,RM Sotheby's,Italy,Ferrari – Leggenda e Passione,ZFFGJ34B000083572,https://tcv-images.s3.eu-west-2.amazonaws.com/cars/CVgxduzQaLZotVozO4Z01r-0fvcsVP_721XFwsjQqqPyZ5cdXIb0dSbJcrcUtqfpdpboF6HtQxrVXslWj5gtfQ.jpeg,/cars/ferrari/f40/1989/126670,/cars/ferrari/f40/126670,1989 Ferrari F40,1079000,"€1,079,000",984782,"£984,782",1301274,"$1,301,274",,https://rmsothebys.com/en/auctions/ff17/ferrari---leggenda-e-passione/lots/r116-1989-ferrari-f40/449406,1989,https://www.theclassicvaluer.com,Sold
6th Sep 2017,RM Sotheby's • London,RM Sotheby's,United Kingdom,London,ZFFGJ34B000080786,https://tcv-images.s3.eu-west-2.amazonaws.com/cars/FWr9n7HDiLXk8qnCurrBZ26HqQsdg1j7_o37_t0fO09pBQWCs65n6wxQh35sOwXQZzUgd6GWokQmODeAJ0Ve8Q.jpeg,/cars/ferrari/f40/1988/126664,/cars/ferrari/f40/126664,1988 Ferrari F40,0,Not Sold,0,Not Sold,0,Not Sold,,https://rmsothebys.com/en/auctions/lf17/london/lots/r152-1988-ferrari-f40/459651,1988,https://www.theclassicvaluer.com,Not Sold
2nd Sep 2017,Silverstone Auctions • The Salon Privé Sale 2017,Silverstone Auctions,United Kingdom,The Salon Privé Sale 2017,ZFFGJ34B000080726,https://tcv-images.s3.eu-west-2.amazonaws.com/cars/m-jX75YKiDQ4R6SkRMOAYmmUBrBIRaXBWDieUUnUaq0WEJuUzwbgiRJbrenlbycHsBeFsQKZshnHwV3f3VQFFQ.jpeg,/cars/ferrari/f40/1989/126671,/cars/ferrari/f40/126671,** Regretfully Withdrawn ** 1989 Ferrari F40,0,Not Sold,0,Not Sold,0,Not Sold,H172NPR,https://www.silverstoneauctions.com/events/2017-auctions/the-salon-prive-sale-2017/the-salon-prive-sale-2017-sale/cars/regretfully-withdrawn-1989-ferrari-f40,1989,https://www.theclassicvaluer.com,Not Sold
19th Aug 2017,RM Sotheby's • Monterey,RM Sotheby's,United States,Monterey,ZFFMN34A9M0087895,https://tcv-images.s3.eu-west-2.amazonaws.com/cars/BEu_V_tRiLdzEXMdpbptAM5cipbycb9y3BJPFFPH-u3ZK6xeoO0HR1RWefqX9HLhAzjMjUoDqwg03ZxtMD6-nw.jpeg,/cars/ferrari/f40/1991/126709,/cars/ferrari/f40/126709,1991 Ferrari F40,1311755,"€1,311,755",1.196163e+06,"£1,196,163",1540000,"$1,540,000",,https://rmsothebys.com/en/auctions/mo17/monterey/lots/r151-1991-ferrari-f40/430480,1991,https://www.theclassicvaluer.com,Sold
18th Aug 2017,Bonhams • Quail Lodge Auction,Bonhams,United States,Quail Lodge Auction,ZFFMN34A6L0087030,https://tcv-images.s3.eu-west-2.amazonaws.com/cars/b2_XkWu_WQ7YzYafmk9It86U3UyKboMTSzbPK4Q8e7TBcdAN8BfL2xoV11LrV5qmp1s0CQw4pt7FOpZIbjGHKw.jpeg,/cars/ferrari/f40/1990/126690,/cars/ferrari/f40/126690,1990 Ferrari F40,1241482,"€1,241,482",1.132083e+06,"£1,132,083",1457500,"$1,457,500",,https://www.bonhams.com/auctions/23977/lot/87/?category=list&length=10000&page=1,1990,https://www.theclassicvaluer.com,Sold
30th Jun 2017,Bonhams • The Goodwood Festival of Speed Sale,Bonhams,United Kingdom,The Goodwood Festival of Speed Sale,ZFFGJ34B000078036,https://tcv-images.s3.eu-west-2.amazonaws.com/cars/QFERfPg8n8j47s0piZbcWf-bEm21cVUI7eF7JW9H5s0CAtMKmF2z5xEHktvudIzKCdKshogScHI8CWhwbxHaVw.jpeg,/cars/ferrari/f40/1988/452567,/cars/ferrari/f40/452567,264N — The ex David Gilmour 1988 Ferrari F40 Berlinetta,0,Not Sold,0,Not Sold,0,Not Sold,F58 SBF,https://cars.bonhams.com/auction/24120/lot/264/the-ex-david-gilmour1988-ferrari-f40-berlinetta-chassis-no-zffg734b000078036/,1988,https://www.theclassicvaluer.com,Not Sold
24th Jun 2017,RM Sotheby's • Santa Monica,RM Sotheby's,United States,Santa Monica,93065,https://tcv-images.s3.eu-west-2.amazonaws.com/cars/eJLRTe6u-AA_yVt4fg2WmCHs8G_vC1WIen2BIbGrx0ikdB8_QSqSt0QNmx6WzTrv4J7LR-N1lIwVaM_duHqGpg.jpeg,/cars/ferrari/f40/1992/126722,/cars/ferrari/f40/126722,1992 Ferrari F40,856529,"€856,529",752075,"£752,075",957000,"$957,000",,https://rmsothebys.com/en/auctions/ca17/santa-monica/lots/r0005-1992-ferrari-f40/565043,1992,https://www.theclassicvaluer.com,Sold
4th Jun 2017,Bonhams • Greenwich Concours d'Elegance Auction,Bonhams,United States,Greenwich Concours d'Elegance Auction,ZFFGJ34B000084539,https://tcv-images.s3.eu-west-2.amazonaws.com/cars/kxOS1lydyerS_wTfJHf7Ms5OcFD4KnLZAjsENTaLKoxTKhCqNZtD6dxTzvHHV8RnVXWssPFGUEPMnBZdfs2_Eg.jpeg,/cars/ferrari/f40/1990/126688,/cars/ferrari/f40/126688,1990 Ferrari F40,784523,"€784,523",684638,"£684,638",880000,"$880,000",,https://www.bonhams.com/auctions/24143/lot/164/?category=list&length=10000&page=1,1990,https://www.theclassicvaluer.com,Sold
27th May 2017,RM Sotheby's • Villa Erba,RM Sotheby's,Italy,Villa Erba,ZFFGJ34B000085749,https://tcv-images.s3.eu-west-2.amazonaws.com/cars/Ez9d84TIIwt9hKPUKXh1EYqoVWzWA8PWgCFnpXVFNucl_mSNAdPjoU60tUpRV0rXpTMxcepUbU7p6_zmwdyb9A.jpeg,/cars/ferrari/f40/1990/126691,/cars/ferrari/f40/126691,1990 Ferrari F40,1064000,"€1,064,000",927702,"£927,702",1191254,"$1,191,254",,https://rmsothebys.com/en/auctions/ve17/villa-erba/lots/r163-1990-ferrari-f40/430619,1990,https://www.theclassicvaluer.com,Sold
10th Mar 2017,Gooding & Co • The Amelia Island Auction 2017,Gooding & Co,United States,The Amelia Island Auction 2017,,https://tcv-images.s3.eu-west-2.amazonaws.com/cars/gpGjt4jtH0Ad57p8KBCLm5DkTdiJ46I4mXlIs8CXWfvdAwE_jwve5aj_z-6KAG2xj64mUfeDLsJokGT8-PVYQA.jpeg,/cars/ferrari/f40/1990/368012,/cars/ferrari/f40/368012,1990 Ferrari F40,1409855,"€1,409,855",1.206131e+06,"£1,206,131",1485000,"$1,485,000",,https://www.goodingco.com/#428041990ferrarif40,1990,https://www.theclassicvaluer.com,Sold
8th Feb 2017,RM Sotheby's • Paris,RM Sotheby's,France,Paris,ZFFGJ34B000080747,https://tcv-images.s3.eu-west-2.amazonaws.com/cars/ahQHX0Zr16p9NdfVD9Pyae0jcAct5CTJ4Hl6QixBrvOCDmYLgZFwLEhe9Jkc_UQrr5momPrWwB7o3pjC5oYzIg.jpeg,/cars/ferrari/f40/1989/126675,/cars/ferrari/f40/126675,1989 Ferrari F40,0,Not Sold,0,Not Sold,0,Not Sold,,https://rmsothebys.com/en/auctions/pa17/paris/lots/r149-1989-ferrari-f40/412129,1989,https://www.theclassicvaluer.com,Not Sold
20th Jan 2017,RM Sotheby's • Arizona,RM Sotheby's,United States,Arizona,ZFFMN34A9L0086678,https://tcv-images.s3.eu-west-2.amazonaws.com/cars/5YIC0_cMHHTgSbCzCZb86fIdzZDuJowIzeQuZyQWmhqeDfjpgoKyd0WVchADPKf2XnFH1UkWRe3V8t0mL8xqYQ.jpeg,/cars/ferrari/f40/1990/126694,/cars/ferrari/f40/126694,1990 Ferrari F40,0,Not Sold,0,Not Sold,0,Not Sold,2ULR999,https://rmsothebys.com/en/auctions/az17/arizona/lots/r270-1990-ferrari-f40/411865,1990,https://www.theclassicvaluer.com,Not Sold
27th Nov 2016,RM Sotheby's • Duemila Ruote,RM Sotheby's,Italy,Duemila Ruote,ZFFGJ34B000091464,https://tcv-images.s3.eu-west-2.amazonaws.com/cars/mCVBZpj7dJCqhAQ-aGioYM5mkct6sX1seldlKhOVgXFgFDmE1VqBIEiiofb92sZA2Iv1MCRI4gTgohFzThWCEA.jpeg,/cars/ferrari/f40/1992/126724,/cars/ferrari/f40/126724,1992 Ferrari F40,1030400,"€1,030,400",895359,"£895,359",1112724,"$1,112,724",M-WW 8833,https://rmsothebys.com/en/auctions/tv16/duemila-ruote/lots/r1006-1992-ferrari-f40/405587,1992,https://www.theclassicvaluer.com,Sold
7th Sep 2016,RM Sotheby's • London,RM Sotheby's,United Kingdom,London,ZFFGJ34B000089028,https://tcv-images.s3.eu-west-2.amazonaws.com/cars/wHxhlPQi5aqbXbp7qJJj5bWPdFR2gVFaZb_n0uYPLh6LutnkjGLfPsjo8xUaFYx00YPbniDeepJWXSHo6dQnAA.jpeg,/cars/ferrari/f40/1990/126684,/cars/ferrari/f40/126684,1990 Ferrari F40,1084302,"€1,084,302",924000,"£924,000",1215720,"$1,215,720",,https://rmsothebys.com/en/auctions/lf16/london/lots/r111-1990-ferrari-f40/379220,1990,https://www.theclassicvaluer.com,Sold
20th Aug 2016,RM Sotheby's • Monterey,RM Sotheby's,United States,Monterey,ZFFGJ34B000087123,https://tcv-images.s3.eu-west-2.amazonaws.com/cars/WFGtbW9IZh5eUcpEJylQ_MjcA5MaO_mFcd8SX-clLE2SsOAFA7VfCSi_g4aGjSMpkNL9RhDTqMCoaWGz9OZlWA.jpeg,/cars/ferrari/f40/1990/126693,/cars/ferrari/f40/126693,1990 Ferrari F40,1116899,"€1,116,899",966531,"£966,531",1265000,"$1,265,000",,https://rmsothebys.com/en/auctions/mo16/monterey/lots/r206-1990-ferrari-f40/381821,1990,https://www.theclassicvaluer.com,Sold
19th Aug 2016,Bonhams • Quail Lodge Auction,Bonhams,United States,Quail Lodge Auction,ZFFGJ34B000079763,https://tcv-images.s3.eu-west-2.amazonaws.com/cars/PmM9hq-3og8ZXklebfBBw77krNtJrfjZrb08PrSIwRB-lpx5itHi5xv-2Nw3hWJPchqJVlr_gLpYbe8ARU_MdA.jpeg,/cars/ferrari/f40/1989/126674,/cars/ferrari/f40/126674,1989 FERRARI F40,1019778,"€1,019,778",882485,"£882,485",1155000,"$1,155,000",,https://www.bonhams.com/auctions/23425/lot/90/?category=list&length=10000&page=1,1989,https://www.theclassicvaluer.com,Sold
18th Aug 2016,Mecum • Monterey 2016,Mecum,United States,Monterey 2016,ZFFMN34A0L0085788,https://tcv-images.s3.eu-west-2.amazonaws.com/cars/B0hA6GC3V4CEjl2CkjSiGzV5ucJ_vfKcZ5NDpq75iqNjNRu5mJliuKxGCTtVxewXW-RLkruFhe2eFKACzOCBPg.jpeg,/cars/ferrari/f40/1990/263241,/cars/ferrari/f40/263241,1990 Ferrari F40,0,Not Sold,0,Not Sold,0,Not Sold,,https://www.mecum.com/lots/261690/1990-ferrari-f40/,1990,https://www.theclassicvaluer.com,Not Sold
5th Jun 2016,Bonhams • Greenwich Concours d'Elegance Auction,Bonhams,United States,Greenwich Concours d'Elegance Auction,ZFFGJ34B000080727,https://tcv-images.s3.eu-west-2.amazonaws.com/cars/qV_v7ofiRSUYjYWaN2utb4d7qYCRk2dWfVaT7vtzDKzXknv2w1bbwz_Vi-D1EPtjQ8vNXJFZkmMQPrcruNhq1w.jpeg,/cars/ferrari/f40/1989/126673,/cars/ferrari/f40/126673,1989 Ferrari F40,0,Not Sold,0,Not Sold,0,Not Sold,,https://www.bonhams.com/auctions/23513/lot/10/?category=list&length=10000&page=1,1989,https://www.theclassicvaluer.com,Not Sold
4th Feb 2016,Bonhams • Les Grandes Marques du Monde au Grand Palais,Bonhams,France,Les Grandes Marques du Monde au Grand Palais,ZFFGJ34B000087784,https://tcv-images.s3.eu-west-2.amazonaws.com/cars/TGGvtor8gSVCZY4ZI2K5ugUWmuDdqQGMKZKWPT42VxDV7Ts4rKVO1hAsZdKzuNVzNaZA5oqvAW1TjI-1Dq0V5Q.jpeg,/cars/ferrari/f40/1990/126692,/cars/ferrari/f40/126692,Ferrari F40 Berlinetta 1990,0,Not Sold,0,Not Sold,0,Not Sold,,https://www.bonhams.com/auctions/23262/lot/336/?category=list&length=10000&page=1,1990,https://www.theclassicvaluer.com,Not Sold
3rd Feb 2016,RM Sotheby's • Paris,RM Sotheby's,France,Paris,ZFFGJ34B000080161,https://tcv-images.s3.eu-west-2.amazonaws.com/cars/IIm4t7ZUuuw7bn0dl8KhLqf9gqJDjbW6RQQiEhKzZV1oKsej-3c8YKT2-spBUeFSy0gemIQo0Uf-0f0nn9z8Xg.jpeg,/cars/ferrari/f40/1989/126672,/cars/ferrari/f40/126672,1989 Ferrari F40,1036000,"€1,036,000",780419,"£780,419",1132659,"$1,132,659",,https://rmsothebys.com/en/auctions/pa16/paris/lots/r108-1989-ferrari-f40/175219,1989,https://www.theclassicvaluer.com,Sold
29th Jan 2016,Gooding & Co • The Scottsdale Auctions 2016,Gooding & Co,United States,The Scottsdale Auctions 2016,,https://tcv-images.s3.eu-west-2.amazonaws.com/cars/oDcr5SnIkQ3eF_3kFBoIQTSFzUWW4l7pE8_iF8Kq9mldi8fSZtlVzUljzgeTVa7EdozliljjFpkylbWDYWh4tQ.jpeg,/cars/ferrari/f40/1990/368013,/cars/ferrari/f40/368013,1990 Ferrari F40,1409479,"€1,409,479",1.034487e+06,"£1,034,487",1534500,"$1,534,500",,https://www.goodingco.com/#423981990ferrarif40,1990,https://www.theclassicvaluer.com,Sold
14th Oct 2015,H&H Auctioneers • Imperial War Museum Duxford,H&H Auctioneers,United Kingdom,Imperial War Museum Duxford,091573,https://tcv-images.s3.eu-west-2.amazonaws.com/cars/60F5a4kf_iP-YXoS7mzXTrbI_ScYnhtmKmNG0TXnK_lbrJNPmn6QsSF4fZqjVBiYZNUx7xkMwtpvJ2qfZ8v4JA.jpeg,/cars/ferrari/f40/1991/126711,/cars/ferrari/f40/126711,1991 Ferrari F40,0,Not Sold,0,Not Sold,0,Not Sold,J702FGN,https://www.handh.co.uk/auction/lot/lot-127---1991-ferrari-f40/?lot=7537&so=0&st=&sto=0&au=365&ef=&et=&ic=False&sd=1&mc=4&pp=48&pn=3&g=1,1991,https://www.theclassicvaluer.com,Not Sold
12th Sep 2015,Bonhams • Goodwood Revival,Bonhams,United Kingdom,Goodwood Revival,ZFFGJ34B00093779,https://tcv-images.s3.eu-west-2.amazonaws.com/cars/TP4wGTlu9Yk1xHRbsyczMVu9zG13e_Jo23LtKq86bsDOz25kWDCYwiM_igCn9PrfbWTTKlmxTye-X0bDIHESZQ.jpeg,/cars/ferrari/f40/1993/449981,/cars/ferrari/f40/449981,329 — 1993 Ferrari F40 Berlinetta Coachwork by Pininfarina Registration no. K63 JRP Chassis no. ZFFGJ34B00093779 Engine no. 31221,0,Not Sold,0,Not Sold,0,Not Sold,K63 JRP,https://cars.bonhams.com/auction/22725/lot/329/1993-ferrari-f40-berlinetta-chassis-no-zffgj34b00093779-engine-no-31221/,1993,https://www.theclassicvaluer.com,Not Sold
7th Sep 2015,RM Sotheby's • London,RM Sotheby's,United Kingdom,London,93256,https://tcv-images.s3.eu-west-2.amazonaws.com/cars/gKmKKEZGQGV57O2bUW2bpx8PoVcfLV3g2BlxdNA-m6xjJlMRbrliylxYVe42W6YlqVdmJtvWNwFzSxAD75DYDw.jpeg,/cars/ferrari/f40/1992/126725,/cars/ferrari/f40/126725,1992 Ferrari F40,1157801,"€1,157,801",845600,"£845,600",1290485,"$1,290,485",,https://rmsothebys.com/en/auctions/lf15/london/lots/r118-1992-ferrari-f40/180926,1992,https://www.theclassicvaluer.com,Sold
15th Aug 2015,Gooding & Co • Pebble Beach 2015,Gooding & Co,United States,Pebble Beach 2015,,https://tcv-images.s3.eu-west-2.amazonaws.com/cars/1-zhME5rGHjOVXyRUx_K0-B0xwJdL1xMB-9TRWc3FkxQmKX88CSEQ2dLgctU3xhiiRldB0ztnjoKD9ROphpZSQ.jpeg,/cars/ferrari/f40/1992/368058,/cars/ferrari/f40/368058,1992 Ferrari F40,1253761,"€1,253,761",882773,"£882,773",1375000,"$1,375,000",,https://www.goodingco.com/#422311992ferrarif40,1992,https://www.theclassicvaluer.com,Sold
14th Aug 2015,Bonhams • Quail Lodge Auction,Bonhams,United States,Quail Lodge Auction,ZFFMN34A5L0087200,https://tcv-images.s3.eu-west-2.amazonaws.com/cars/XuK1RqNjf4smNrraMKgNHkkvjBKXnsnEUj39xmYuFQyo5Q2gvOw-n_oDegxY_T130jqMWH11dHeKJq0ym_9_dw.jpeg,/cars/ferrari/f40/1990/452628,/cars/ferrari/f40/452628,78 — Offered from the Tony Hart Collection 1990 FERRARI F40,1128385,"€1,128,385",794496,"£794,496",1237500,"$1,237,500",,https://cars.bonhams.com/auction/22792/lot/78/offered-from-the-tony-hart-collection1990-ferrari-f40-chassis-no-zffmn34a5l0087200-engine-no-24145/,1990,https://www.theclassicvaluer.com,Sold
13th Aug 2015,Mecum • Monterey 2015,Mecum,United States,Monterey 2015,ZFFGJ34B000080727,https://tcv-images.s3.eu-west-2.amazonaws.com/cars/gg5ADT28jyxi3Nj8KeZ4sE4rbs9UJzXOSXNaOms2misFPW1xhCiJPlI-8NW-hj0ta8CkI3uVxWoduRTBbeVzCw.jpeg,/cars/ferrari/f40/1989/297070,/cars/ferrari/f40/297070,1989 Ferrari F40,1153460,"€1,153,460",812151,"£812,151",1265000,"$1,265,000",,https://www.mecum.com/lots/219894/1989-ferrari-f40/,1989,https://www.theclassicvaluer.com,Sold
8th Aug 2015,COYS • “43rd Oldtimer Grand Prix” 2015,COYS,Germany,“43rd Oldtimer Grand Prix” 2015,ZFFGJ34B000093796,https://tcv-images.s3.eu-west-2.amazonaws.com/cars/WF2AcrzaJJqGrdpEBv8t3e6Qg4Ed03zK5TTNc7XiUvn_juJXtSTnqMcrWPDVVsbjel_bJT9F7CyHD5p3R3E88A.jpeg,/cars/ferrari/f40/1992/126726,/cars/ferrari/f40/126726,1992 Ferrari F40,1224923,"€1,224,923",863693,"£863,693",1340188,"$1,340,188",,https://www.coys.co.uk/cars/1992-ferrari-f40,1992,https://www.theclassicvaluer.com,Sold
22nd Jun 2015,Artcurial • Automobiles sur les Champs 8,Artcurial,France,Automobiles sur les Champs 8,,https://tcv-images.s3.eu-west-2.amazonaws.com/cars/FrM-PPZYSlc20oooRBkb6wNIfEdvXQkcrrg9jA5MEB4DsZmIJYa_sykJFhGGx4J-Vmq04UO6P3x760fqsZ5mig.jpeg,/cars/ferrari/f40/1991/228476,/cars/ferrari/f40/228476,1991 Ferrari F40,1013200,"€1,013,200",728744,"£728,744",1108846,"$1,108,846",,https://www.artcurial.com/en/lot-1991-ferrari-f40-2769-11,1991,https://www.theclassicvaluer.com,Sold
23rd May 2015,RM Sotheby's • Villa Erba,RM Sotheby's,Italy,Villa Erba,ZFFGJ34B000089693,https://tcv-images.s3.eu-west-2.amazonaws.com/cars/g1MKU3rlnQCvSLxHAYenJzAjPURjuzT83L9duUqXd6dlcN8SYsk36nEBYyvST8W7Yb4eK7uhGOwyzTDZyeEqBw.jpeg,/cars/ferrari/f40/1991/126710,/cars/ferrari/f40/126710,1991 Ferrari F40,1008000,"€1,008,000",719510,"£719,510",1125331,"$1,125,331",,https://rmsothebys.com/en/auctions/ve15/villa-erba/lots/r107-1991-ferrari-f40/180368,1991,https://www.theclassicvaluer.com,Sold
13th Mar 2015,Gooding & Co • The Amelia Island Auction 2015,Gooding & Co,United States,The Amelia Island Auction 2015,,https://tcv-images.s3.eu-west-2.amazonaws.com/cars/kn5KL4oYmXaXdBqCLLC8Mj3ibX8HlHv27o-dbPv1jVP0n2O934_-uETJZ_8Oltn8THjdMQ0p75FRIpBD0ZGBfA.jpeg,/cars/ferrari/f40/1991/368004,/cars/ferrari/f40/368004,1991 Ferrari F40,1443505,"€1,443,505",1.050583e+06,"£1,050,583",1622500,"$1,622,500",,https://www.goodingco.com/#420761991ferrarif40,1991,https://www.theclassicvaluer.com,Sold
12th Mar 2015,Bonhams • The Amelia Island Auction,Bonhams,United States,The Amelia Island Auction,ZFFMN34A1N0093627,https://tcv-images.s3.eu-west-2.amazonaws.com/cars/mL5ToYxe3zvtT88VYGg6Bv-vzH9UkNYvrPEOYE38BUrc50-JVtTwG127vwlwjViyrhgBZ9MFQxylhqmEhJA2UA.jpeg,/cars/ferrari/f40/1992/412359,/cars/ferrari/f40/412359,The last US-specification example built 1992 FERRARI F40,991993,"€991,993",721972,"£721,972",1115000,"$1,115,000",,https://cars.bonhams.com/auction/22530/lot/165/the-last-us-specification-example-built1992-ferrari-f40-vin-zffmn34a1n0093627-engine-no-31130/,1992,https://www.theclassicvaluer.com,Sold
5th Feb 2015,Bonhams • Les Grandes Marques du Monde au Grand Palais,Bonhams,France,Les Grandes Marques du Monde au Grand Palais,ZFFGJ34B000084052,https://tcv-images.s3.eu-west-2.amazonaws.com/cars/pi270HnCvexXsGaBOAUzTq3d9yyZXBW4bpUloBNsdYOEAtobBOPEBeYnsFrLxpM6MWgqbGjLFW7sTd3VNUleVg.jpeg,/cars/ferrari/f40/1990/451887,/cars/ferrari/f40/451887,Ferrari F40 Berlinetta 1990,724500,"€724,500",544172,"£544,172",819047,"$819,047",G985 KOG,https://cars.bonhams.com/auction/22528/lot/363/ferrari-f40-berlinetta-1990/,1990,https://www.theclassicvaluer.com,Sold
4th Feb 2015,RM Sotheby's • Paris,RM Sotheby's,France,Paris,ZFFGJ348000087990,https://tcv-images.s3.eu-west-2.amazonaws.com/cars/y1mAns3-RdjfQobA37x-KPnafvZNgeWjdPKcQ9uTYsRITIctQ9FaFyqBF8oaAv7utejrLi5Ud84_LVJob4t3IA.jpeg,/cars/ferrari/f40/1990/125261,/cars/ferrari/f40/125261,1990 Ferrari F40,1176000,"€1,176,000",883882,"£883,882",1346050,"$1,346,050",,https://rmsothebys.com/en/auctions/pa15/paris/lots/r149-1990-ferrari-f40/181500,1990,https://www.theclassicvaluer.com,Sold
17th Jan 2015,Barrett Jackson • Scottsdale 2015,Barrett Jackson,United States,Scottsdale 2015,ZFFMN34A2M0087589,https://tcv-images.s3.eu-west-2.amazonaws.com/cars/i51PbQnxGQxN1qOGk0eM9xgHI2V5M8QoWrojugtTs8F7QJwxCFiWLXXuB3_c0GjTorppX-8MnPHPJ3cjWVXvlw.jpeg,/cars/ferrari/f40/1991/209182,/cars/ferrari/f40/209182,1991 FERRARI F40,530022,"€530,022",412834,"£412,834",643500,"$643,500",,https://www.barrett-jackson.com/Events/Event/Details/1991-FERRARI-F40-181457,1991,https://www.theclassicvaluer.com,Sold
17th Jan 2015,Barrett Jackson • Scottsdale 2015,Barrett Jackson,United States,Scottsdale 2015,ZFFGJ34B000080727,https://tcv-images.s3.eu-west-2.amazonaws.com/cars/dL2xzOEHx29o6k8F0ILvmDBxpaLXuVb99ejbtMHkMxhLP91PAViilX0S9HUnbZf60K-Oz0ZUlgp6zdT1_oFg1w.jpeg,/cars/ferrari/f40/1989/209184,/cars/ferrari/f40/209184,1989 FERRARI F40,0,Not Sold,0,Not Sold,0,Not Sold,,https://www.barrett-jackson.com/Events/Event/Details/1989-FERRARI-F40-180537,1989,https://www.theclassicvaluer.com,Not Sold
16th Jan 2015,RM Sotheby's • Arizona,RM Sotheby's,United States,Arizona,ZFFMN34A7L0086954,https://tcv-images.s3.eu-west-2.amazonaws.com/cars/bt31PM6LyrfdvkaZC7hmN2WjjRtC-I0imbSr3b0QvZrnxfUK5Zl71B0JajjD0nBCedwAp1rGJ2T5I72P9c6zpQ.jpeg,/cars/ferrari/f40/1990/126698,/cars/ferrari/f40/126698,1990 Ferrari F40,1091647,"€1,091,647",833690,"£833,690",1265000,"$1,265,000",,https://rmsothebys.com/en/auctions/az15/arizona/lots/r138-1990-ferrari-f40/181455,1990,https://www.theclassicvaluer.com,Sold
10th Oct 2014,Bonhams • The Zoute Sale,Bonhams,Belgium,The Zoute Sale,ZFFGJ34B000080022,https://tcv-images.s3.eu-west-2.amazonaws.com/cars/rJRqal2LuitoB_etN8eSZ-knNMF5WCZBBotBFMm5D8bTtYIi-88jA3w45V3x74dvbj3nw3ACnlxzM30ZevF4NQ.jpeg,/cars/ferrari/f40/1989/451983,/cars/ferrari/f40/451983,1989 Ferrari F40 Berlinetta Chassis no. ZFFGJ34B000080022 Engine no. 16148,690000,"€690,000",536958,"£536,958",869607,"$869,607",301 BXT 59,https://cars.bonhams.com/auction/21908/lot/19/the-ex-nigel-mansell-ferrari-classiche-certified1989-ferrari-f40-berlinetta-chassis-no-zffgj34b000080022-engine-no-16148/,1989,https://www.theclassicvaluer.com,Sold
13th Sep 2014,Bonhams • Goodwood Revival,Bonhams,United Kingdom,Goodwood Revival,ZFFGJ34B000089460,https://tcv-images.s3.eu-west-2.amazonaws.com/cars/9DTXY4qb_7sZS-UseWJieoZ7OY6lLL6AXVk7TQQxWfY1rzYs-7f_zupkNWTkISaxRTntK3Gq-_eChFoA4IxTsw.jpeg,/cars/ferrari/f40/1991/451999,/cars/ferrari/f40/451999,209* — 1991 Ferrari F40 Berlinetta Coachwork by Carrozzeria Scaglietti Registration no. Not registered in the UK Chassis no. ZFFGJ34B000089460,802657,"€802,657",634300,"£634,300",1054130,"$1,054,130",,https://cars.bonhams.com/auction/21907/lot/209/1991-ferrari-f40-berlinetta-chassis-no-zffgj34b000089460/,1991,https://www.theclassicvaluer.com,Sold
8th Sep 2014,RM Sotheby's • London,RM Sotheby's,United Kingdom,London,ZFFGJ34B000080747,https://tcv-images.s3.eu-west-2.amazonaws.com/cars/_yDeQyW_5iuJaAm1dbPyfLmCmxfPW4KAYGGQNHDjB5UXQ7fX7DiIhP5guJXrHMg8EOhiXGWHlQ0WxE4iRxa49Q.jpeg,/cars/ferrari/f40/1989/126677,/cars/ferrari/f40/126677,1989 Ferrari F40,949212,"€949,212",761600,"£761,600",1228944,"$1,228,944",,https://rmsothebys.com/en/auctions/lf14/london/lots/r120-1989-ferrari-f40/181253,1989,https://www.theclassicvaluer.com,Sold
4th Sep 2014,Silverstone Auctions • The Salon Privé Sale 2014,Silverstone Auctions,United Kingdom,The Salon Privé Sale 2014,ZFFGJ34B000088446,https://tcv-images.s3.eu-west-2.amazonaws.com/cars/vQeq49TKNop8riwtzg4KT7CfOnE3tDsv8LpPZa033ZEXyOyfPOWEfmKUyTnmjv8JHfpdeJPLhvF10JpHvKUJ-w.jpeg,/cars/ferrari/f40/1991/126713,/cars/ferrari/f40/126713,1991 Ferrari F40,0,Not Sold,0,Not Sold,0,Not Sold,H470 JLF,https://www.silverstoneauctions.com/events/2014-auctions/the-salon-prive-sale-2014/the-salon-priva-C-sale-2014-sale/the-salon-priva-C-sale-2014-sale-session/1991-ferrari-f40,1991,https://www.theclassicvaluer.com,Not Sold
16th Aug 2014,Gooding & Co • Pebble Beach 2014,Gooding & Co,United States,Pebble Beach 2014,,https://tcv-images.s3.eu-west-2.amazonaws.com/cars/Oq1Diefcg7a7fuZRKyEFfHrjFFrGrZflh8mtRW92P8XS5Z3aZWAaHXj-ukgSrQuP8JOu4NtX3EoGRwjy6tbRKg.jpeg,/cars/ferrari/f40/1990/368161,/cars/ferrari/f40/368161,1990 Ferrari F40,985442,"€985,442",784511,"£784,511",1320000,"$1,320,000",,https://www.goodingco.com/#418671990ferrarif40,1990,https://www.theclassicvaluer.com,Sold
15th Aug 2014,Bonhams • Quail Lodge Auction,Bonhams,United States,Quail Lodge Auction,ZFFMN34AXM0089767,https://tcv-images.s3.eu-west-2.amazonaws.com/cars/Jl2evsSH23scPlvb4wXrpq4yByQl866QyGVBNJLbdgEa6N4R7TZiz9oqsEPKI-3i9yTOI7UBKCaHaWq9ncVZDQ.jpeg,/cars/ferrari/f40/1991/452531,/cars/ferrari/f40/452531,263 — 1991 FERRARI F40 Coachwork by Pininfarina VIN. ZFFMN34AXM0089767 Engine no. 27523,1067563,"€1,067,563",849887,"£849,887",1430000,"$1,430,000",,https://cars.bonhams.com/auction/21917/lot/263/1991-ferrari-f40-vin-zffmn34axm0089767-engine-no-27523/,1991,https://www.theclassicvaluer.com,Sold
2nd Aug 2014,RM Sotheby's • California 2014,RM Sotheby's,United States,California,ZFFMN34A0L0086746,https://tcv-images.s3.eu-west-2.amazonaws.com/cars/a-gxmZxacM-O1HYUmquNwv6CPh5UPvB77UR6bqSOvbVIHVJAvqdmpg2ZVfHTBpRGNhPcfCZOqKQIMklE7zFnaA.jpeg,/cars/ferrari/f40/1990/453952,/cars/ferrari/f40/453952,1990 Ferrari F40,739082,"€739,082",588383,"£588,383",990000,"$990,000",,https://rmsothebys.com/auctions/ca14/lots/r0434-1990-ferrari-f40/,1990,https://www.theclassicvaluer.com,Sold
27th Jun 2014,Bonhams • The Goodwood Festival of Speed Sale,Bonhams,United Kingdom,The Goodwood Festival of Speed Sale,ZFFGJ34B00084454,https://tcv-images.s3.eu-west-2.amazonaws.com/cars/cmyGX3SjOxky6HUZ4wz03xTxuL7YynQ_mXnO5v6igsWsxcLoZMR6wGLQnyR6xv1-hy7ltfKqZqbYu9kCrB-VNA.jpeg,/cars/ferrari/f40/1990/452695,/cars/ferrari/f40/452695,330 — 1990 Ferrari F40 Berlinetta Coachwork by Pininfarina Chassis no. ZFFGJ34B00084454 Engine no. 21353,759439,"€759,439",617500,"£617,500",1033369,"$1,033,369",,https://cars.bonhams.com/auction/21906/lot/330/13500kms-from-new1990-ferrari-f40-berlinetta-chassis-no-zffgj34b00084454-engine-no-21353/,1990,https://www.theclassicvaluer.com,Sold
8th Feb 2014,Artcurial • Rétromobile 2014 & Solo Alfa by Artcurial Motorcars,Artcurial,France,Rétromobile 2014 & Solo Alfa by Artcurial Motorcars,,https://tcv-images.s3.eu-west-2.amazonaws.com/cars/88ozwkvJJnwGu4nCee1nVzZcPUWJjhWYOB3wFoNao9QXjBt_ZF2lsm1rX5UFsUpNs7Rc6OYQoe-f_q9au4M8mA.jpeg,/cars/ferrari/f40/1991/228477,/cars/ferrari/f40/228477,1991 Ferrari F40,644872,"€644,872",529666,"£529,666",871609,"$871,609",,https://www.artcurial.com/en/lot-1991-ferrari-f40-2400-358,1991,https://www.theclassicvaluer.com,Sold
6th Feb 2014,RM Sotheby's • Paris,RM Sotheby's,France,Paris,ZFFGJ34B000082727,https://tcv-images.s3.eu-west-2.amazonaws.com/cars/yc9pkSMys-AhuKZOH37VTOmLNT2fBTjZ96wyph7hnV_5iVnzMRpQ8t-WSobWiPfSxGPMD2FQxtcQmNBPTkXCYQ.jpeg,/cars/ferrari/f40/1990/126697,/cars/ferrari/f40/126697,1990 Ferrari F40,515200,"€515,200",426972,"£426,972",695262,"$695,262",,https://rmsothebys.com/en/auctions/pa14/paris/lots/r123-1990-ferrari-f40/180940,1990,https://www.theclassicvaluer.com,Sold
18th Jan 2014,Barrett Jackson • Scottsdale 2014,Barrett Jackson,United States,Scottsdale 2014,ZFFMN34A2M0087589,https://tcv-images.s3.eu-west-2.amazonaws.com/cars/PvF61Cq7YOpLWaBx8ajkORnzK4fqg_HUmQYeQ9T5fbjGu83VB0RLF8is3ubGQTXykN4F8XtnKrm3Yuz755nTNw.jpeg,/cars/ferrari/f40/1991/209181,/cars/ferrari/f40/209181,1991 FERRARI F40 2 DOOR COUPE,538395,"€538,395",448860,"£448,860",742500,"$742,500",,https://www.barrett-jackson.com/Events/Event/Details/1991-FERRARI-F40-2-DOOR-COUPE-161289,1991,https://www.theclassicvaluer.com,Sold
17th Jan 2014,RM Sotheby's • Arizona,RM Sotheby's,United States,Arizona,ZFFMN34A9L0087085,https://tcv-images.s3.eu-west-2.amazonaws.com/cars/Rh5utPRRyuXpwh_vVE4btEDbwYFZCM2QuUHphcLg9nRHB02-22hV_HBluHEDLM9qZy6oZ9rWPXMAP4xOMeCtnw.jpeg,/cars/ferrari/f40/1990/126700,/cars/ferrari/f40/126700,1990 Ferrari F40 by Scaglietti,688310,"€688,310",568682,"£568,682",935000,"$935,000",,https://rmsothebys.com/en/auctions/az14/arizona/lots/r159-1990-ferrari-f40-by-scaglietti/182276,1990,https://www.theclassicvaluer.com,Sold
9th Sep 2013,RM Sotheby's • London,RM Sotheby's,United Kingdom,London,ZFFGJ34B000084052,https://tcv-images.s3.eu-west-2.amazonaws.com/cars/DU_ENG-11e7gicYGLLG7PJQj8LeWjMrHS1mNtlciCWWKc_Rtx_-mMB0nuHpqRx8azROjcKWDv1t5PPYRm2PbRA.jpeg,/cars/ferrari/f40/1990/126699,/cars/ferrari/f40/126699,1990 Ferrari F40,359444,"€359,444",302400,"£302,400",474250,"$474,250",,https://rmsothebys.com/en/auctions/lf13/london/lots/r115-1990-ferrari-f40/294046,1990,https://www.theclassicvaluer.com,Sold
17th Aug 2013,RM Sotheby's • Monterey,RM Sotheby's,United States,Monterey,ZFFMN34A3L0086658,https://tcv-images.s3.eu-west-2.amazonaws.com/cars/ydcQhvRyTmGsDfhZCEHbdiJUoHQW4fkHltYKce1QAsdQLBXaq2SAw9UXrH68UhrOjPG6gEeOUYeRitN6c61syw.jpeg,/cars/ferrari/f40/1990/126701,/cars/ferrari/f40/126701,1990 Ferrari F40,865817,"€865,817",738758,"£738,758",1155000,"$1,155,000",,https://rmsothebys.com/en/auctions/mo13/monterey/lots/r132-1990-ferrari-f40/293804,1990,https://www.theclassicvaluer.com,Sold
15th Aug 2013,Mecum • Monterey 2013,Mecum,United States,Monterey 2013,ZFFMN34A9L0086602,https://tcv-images.s3.eu-west-2.amazonaws.com/cars/twSBoa-WK7191TKERqKOnTHzawD9JjY3HIuR5XmeniCeXnQ--xHP5l9Qz8yFOrTdU-Cs6BfArzFxQjSkFtOXfw.jpeg,/cars/ferrari/f40/1990/292020,/cars/ferrari/f40/292020,1990 Ferrari F40,1101163,"€1,101,163",957131,"£957,131",1457500,"$1,457,500",,https://www.mecum.com/lots/161564/1990-ferrari-f40/,1990,https://www.theclassicvaluer.com,Sold
12th Jul 2013,Bonhams • The Goodwood Festival of Speed Sale: Collector's Motor Cars and Automobilia,Bonhams,United Kingdom,The Goodwood Festival of Speed Sale: Collector's Motor Cars and Automobilia,ZFFGJ34B000094674,https://tcv-images.s3.eu-west-2.amazonaws.com/cars/hWjfvyaTzyGotH-P2FWgaQOKbL1wUmV5jxr0vwdeLfTKj2Taqgcpz4o_NQsi2gnFzOmk4yHQpj5JHrDTJoTp8w.jpeg,/cars/ferrari/f40/1992/415252,/cars/ferrari/f40/415252,1992 Ferrari F40 Berlinetta,0,Not Sold,0,Not Sold,0,Not Sold,F1 LNG,https://cars.bonhams.com/auction/20929/lot/344/1992-ferrari-f40-berlinetta-chassis-no-zffgj34b000094674-engine-no-32024/,1992,https://www.theclassicvaluer.com,Not Sold
25th May 2013,RM Sotheby's • Villa Erba,RM Sotheby's,Italy,Villa Erba,ZFFGJ34B000080715,https://tcv-images.s3.eu-west-2.amazonaws.com/cars/KWgHdN2iINurcTv8HyFSxaPvHZvPt-HfJ7fTGYh2r866yHBUFJxO8G5O4TsDrFUBf7aEFFMhkSE4c6wvSZ4FdQ.jpeg,/cars/ferrari/f40/1989/126676,/cars/ferrari/f40/126676,1989 Ferrari F40,470400,"€470,400",403109,"£403,109",608651,"$608,651",,https://rmsothebys.com/en/auctions/ve13/villa-erba/lots/r128-1989-ferrari-f40/293611,1989,https://www.theclassicvaluer.com,Sold
8th Mar 2013,Gooding & Co • The Amelia Island Auction 2013,Gooding & Co,United States,The Amelia Island Auction 2013,,https://tcv-images.s3.eu-west-2.amazonaws.com/cars/K-wLvw3XCT7CiY1baR8Pb6hbdWYI9pHZlcAtNj7dqA65oanLHxUrMepPVxZrmFaK0U42kPC2cEBbWBb806qq3Q.jpeg,/cars/ferrari/f40/1990/368480,/cars/ferrari/f40/368480,1990 Ferrari F40,550000,"€550,000",475585,"£475,585",715000,"$715,000",,https://www.goodingco.com/#413411990ferrarif40,1990,https://www.theclassicvaluer.com,Sold
15th Sep 2012,Bonhams • Collectors' Motor Cars and Automobilia,Bonhams,United Kingdom,Collectors' Motor Cars and Automobilia,ZFFGJ34B000080774,https://tcv-images.s3.eu-west-2.amazonaws.com/cars/CIPfvm3XHiGxAgP3-9bnFpBIjGNxNzIxdEZWDZ7ZU7PodFlDSi5Wju88R7X8Z-jQVdAkafPX8vknWS3kunHCWw.jpeg,/cars/ferrari/f40/1989/449720,/cars/ferrari/f40/449720,1989 Ferrari F40 Berlinetta Registration no. F494 TRK Chassis no. ZFFGJ34B000080774 Engine no. 18302,0,Not Sold,0,Not Sold,0,Not Sold,F494 TRK,https://cars.bonhams.com/auction/20145/lot/150/1989-ferrari-f40-berlinetta-chassis-no-zffgj34b000080774-engine-no-18302/,1989,https://www.theclassicvaluer.com,Not Sold
18th Aug 2012,RM Sotheby's • Monterey,RM Sotheby's,United States,Monterey,ZFFMN34A2M0089441,https://tcv-images.s3.eu-west-2.amazonaws.com/cars/U6vfqBV8inCAdm3cwDmOj62vFGC1GM79IJc2l3-cgedWpP3Kvsyspn4MPemjh89oyNoJTAA0zeq6tU1jMtt-sg.jpeg,/cars/ferrari/f40/1991/126712,/cars/ferrari/f40/126712,1991 Ferrari F40,579557,"€579,557",455040,"£455,040",715000,"$715,000",,https://rmsothebys.com/en/auctions/mo12/monterey/lots/r207-1991-ferrari-f40/280798,1991,https://www.theclassicvaluer.com,Sold
3rd Feb 2012,Artcurial • Artcurial Motorcars at Rétromobile,Artcurial,France,Artcurial Motorcars at Rétromobile,,https://tcv-images.s3.eu-west-2.amazonaws.com/cars/ZgGw9E-_khEYdF2rmu8tvumkKVaqBR7d2lw0i33q9yHyl3Chu7tzPQDIi1E6w8JBSBamOotiCs3MrYcExo2rQQ.jpeg,/cars/ferrari/f40/1989/228470,/cars/ferrari/f40/228470,1989 Ferrari F40 berlinette ex-Nigel Mansell,374561,"€374,561",311335,"£311,335",493484,"$493,484",,https://www.artcurial.com/en/lot-1989-ferrari-f40-berlinette-ex-nigel-mansell-2107-313,1989,https://www.theclassicvaluer.com,Sold
20th Jan 2012,RM Sotheby's • Arizona,RM Sotheby's,United States,Arizona,ZFFMN34A7M0087345,https://tcv-images.s3.eu-west-2.amazonaws.com/cars/XlJHheZUyJqtAT-wSDo_j-wge_FAHHQL5n5pagUL1P3ZunbYffvyFE57CUL_5cmiVvZNexoAGjY-lN60CFCKTQ.jpeg,/cars/ferrari/f40/1991/126714,/cars/ferrari/f40/126714,1991 Ferrari F40 Berlinetta,605333,"€605,333",504787,"£504,787",781000,"$781,000",,https://rmsothebys.com/en/auctions/az12/arizona/lots/r205-1991-ferrari-f40-berlinetta/280386,1991,https://www.theclassicvaluer.com,Sold
1st Jul 2011,"Bonhams • Goodwood Festival of Speed, Collectors' Motor Cars, Watches and Automobilia",Bonhams,United Kingdom,"Goodwood Festival of Speed, Collectors' Motor Cars, Watches and Automobilia",84482,https://tcv-images.s3.eu-west-2.amazonaws.com/cars/EALN5lIHj8vAh2aFxmzgpjxq_CwBBewOb4CENsLXafP-gLtpo3mOr4mU31Vp3BKLaTJ6_Oxiofa7_ClsSUWyJA.jpeg,/cars/ferrari/f40/1989/412462,/cars/ferrari/f40/412462,1989 Ferrari F40 Berlinetta,390608,"€390,608",353500,"£353,500",565912,"$565,912",SFA 44,https://cars.bonhams.com/auction/19286/lot/436/1989-ferrari-f40-berlinetta-chassis-no-84482/,1989,https://www.theclassicvaluer.com,Sold
11th Apr 2011,"Bonhams • RAF Museum, Hendon, Collectors' Motor Cars and Automobilia",Bonhams,United Kingdom,"RAF Museum, Hendon, Collectors' Motor Cars and Automobilia",84901,https://tcv-images.s3.eu-west-2.amazonaws.com/cars/PP9FOv3QGCeKaFGB-CrSM592FLFYE1uOUNYt_1ACI0geqpgbz-mnvEdX-6W-ThXXaekxBodTlk0iuibTV2Ya_Q.jpeg,/cars/ferrari/f40/1990/415436,/cars/ferrari/f40/415436,"200 kilometres since total restoration,1990 Ferrari F40 Berlinetta",0,Not Sold,0,Not Sold,0,Not Sold,G739 AUD,https://cars.bonhams.com/auction/19280/lot/347/200-kilometres-since-total-restoration1990-ferrari-f40-berlinetta-chassis-no-84901/,1990,https://www.theclassicvaluer.com,Not Sold
11th Mar 2011,Gooding & Co • Amelia Island Auction 2011,Gooding & Co,United States,Amelia Island Auction 2011,,https://tcv-images.s3.eu-west-2.amazonaws.com/cars/UJ-v-Nfu0DMdHs6b7SRQmPLIuWG8yaMbXJbdTuhUQ2cInwyzQ_oyBC06URr9V3xuns4hLybQMvLddXFEBLyNXA.jpeg,/cars/ferrari/f40/1990/368763,/cars/ferrari/f40/368763,1990 Ferrari F40,377939,"€377,939",321021,"£321,021",522500,"$522,500",,https://www.goodingco.com/lot/1990-ferrari-f40/?filtersInput%5BitemType%5D%5B0%5D=Cars&filtersInput%5BauctionYear%5D%5B0%5D=2011&sortBy=YEAR_ASC&pageNumber=19,1990,https://www.theclassicvaluer.com,Sold
17th Jan 2011,Gooding & Co • Scottsdale Auctions 2011,Gooding & Co,United States,Scottsdale Auctions 2011,,https://tcv-images.s3.eu-west-2.amazonaws.com/cars/f1xL2mYujhWAw9glqP8nmwl14tNObMjR5fCpFkr2hjkZngaQXu6I6k5IwIRMjUeLMBH0vdRu01U53aVtwMntcw.jpeg,/cars/ferrari/f40/1990/368781,/cars/ferrari/f40/368781,1990 Ferrari F40,370454,"€370,454",318868,"£318,868",495000,"$495,000",,https://www.goodingco.com/lot/1990-ferrari-f40-2/?filtersInput%5BitemType%5D%5B0%5D=Cars&filtersInput%5BauctionYear%5D%5B0%5D=2011&sortBy=YEAR_ASC&pageNumber=19,1990,https://www.theclassicvaluer.com,Sold
27th Oct 2010,RM Sotheby's • Automobiles of London,RM Sotheby's,United Kingdom,Automobiles of London,ZFFGJ34B000080693,https://tcv-images.s3.eu-west-2.amazonaws.com/cars/NUjcU8CAWfPubgbbbRAaphV30TipOd6B6kOLPMQ8rFVSmtpBurMw_W26UGGMSnQZ_qg4_t-rxtNgLg57LocYlg.jpeg,/cars/ferrari/f40/1989/126678,/cars/ferrari/f40/126678,1989 Ferrari F40,362698,"€362,698",316400,"£316,400",500633,"$500,633",,https://rmsothebys.com/en/auctions/lf10/automobiles-of-london/lots/r214-1989-ferrari-f40/194835,1989,https://www.theclassicvaluer.com,Sold
25th Sep 2010,Historics • Brooklands Museum 25th September 2010 Sale,Historics,United Kingdom,Brooklands Museum 25th September 2010 Sale,ZFFGJ34B00078375,https://tcv-images.s3.eu-west-2.amazonaws.com/cars/M21w1js6Jrm5idTxD9nqx_XptB1JzfjZ9QUc463ePI98fxZV6vQngTcgtwz1tc1PAOOe9yXIB81-wybq8XWvNw.jpeg,/cars/ferrari/f40/1989/126680,/cars/ferrari/f40/126680,"1989 Ferrari F40, (Non Cat, Non Adjust)",0,Not Sold,0,Not Sold,0,Not Sold,F311 UJB,https://www.historics.co.uk/buying/auctions/2010-09-25/car/ferrari-f40/,1989,https://www.theclassicvaluer.com,Not Sold
17th Aug 2010,Gooding & Co • Pebble Beach Auctions 2010,Gooding & Co,United States,Pebble Beach Auctions 2010,,https://tcv-images.s3.eu-west-2.amazonaws.com/cars/APjhroKyWRzQErKt_IOH_9woUVJ96okylVCNdv6-69wEzvLNfwbekMoPXstFc4ALvYawzu-ug8T2jVHuuxnvFg.jpeg,/cars/ferrari/f40/1991/368636,/cars/ferrari/f40/368636,1991 Ferrari F40,447498,"€447,498",373616,"£373,616",583000,"$583,000",,https://www.goodingco.com/lot/1991-ferrari-f40/?filtersInput%5BitemType%5D%5B0%5D=Cars&filtersInput%5BauctionYear%5D%5B0%5D=2010&sortBy=ESTIMATE_HL&pageNumber=3,1991,https://www.theclassicvaluer.com,Sold
13th Aug 2010,Bonhams • Exceptional Motorcars and Automobilia,Bonhams,United States,Exceptional Motorcars and Automobilia,ZFFMN34A7L0085416,https://tcv-images.s3.eu-west-2.amazonaws.com/cars/UT-UsDO17DXG2zB6fjU6LeT6J7Z9j-WJsLHcWs1LcAW2McD43U83vCcm3rsTIP98NrR5kd1Pgg8plrEzg67b3A.jpeg,/cars/ferrari/f40/1990/450732,/cars/ferrari/f40/450732,1990 Ferrari F40 Chassis no. ZFFMN34A7L0085416,296669,"€296,669",247689,"£247,689",386500,"$386,500",,https://cars.bonhams.com/auction/18267/lot/228/1990-ferrari-f40-chassis-no-zffmn34a7l0085416/,1990,https://www.theclassicvaluer.com,Sold
30th Apr 2010,Bonhams • Les Grandes Marques a Monaco,Bonhams,France,Les Grandes Marques a Monaco,80696,https://tcv-images.s3.eu-west-2.amazonaws.com/cars/URQqfA-TNJedMwcj2AsBUn-k7ToBGz9nuGu5XWAqDFlAnc7FcLQS5Zc0QayJwfskVtYCjEDozaV1wvyP0EJUzQ.jpeg,/cars/ferrari/f40/1989/412568,/cars/ferrari/f40/412568,1989 Ferrari F40 Berlinetta,255000,"€255,000",225637,"£225,637",343434,"$343,434",,https://cars.bonhams.com/auction/18297/lot/132/1989-ferrari-f40-berlinetta-chassis-no-80696/,1989,https://www.theclassicvaluer.com,Sold
15th Aug 2009,RM Sotheby's • Sports & Classics of Monterey,RM Sotheby's,United States,Sports & Classics of Monterey,ZFFMN34A0M0089888,https://tcv-images.s3.eu-west-2.amazonaws.com/cars/tWmAYcHknBbrtD71YLz_uRm3FNRHcFkbLgkHwVjUdwGIW9yNDEmCRmzzLmyrC5k2vKkf8iqELkoftycj2s2Iew.jpeg,/cars/ferrari/f40/1991/125348,/cars/ferrari/f40/125348,1991 Ferrari F40,323816,"€323,816",279342,"£279,342",462000,"$462,000",,https://rmsothebys.com/en/auctions/mo09/sports---classics-of-monterey/lots/r279-1991-ferrari-f40/199361,1991,https://www.theclassicvaluer.com,Sold
17th May 2009,RM Sotheby's • Ferrari – Leggenda e Passione,RM Sotheby's,Italy,Ferrari – Leggenda e Passione,ZFFGJ34B000088835,https://tcv-images.s3.eu-west-2.amazonaws.com/cars/p2NS3s5PRzrsgdjsd6AL6-mdVryF2-JGXdMMOc7v2VfAb-Uvg6TehBCDMu77GLEv1eet4BeA3rwHnjxx8O3IXg.jpeg,/cars/ferrari/f40/1991/126715,/cars/ferrari/f40/126715,1991 Ferrari F40,286000,"€286,000",254683,"£254,683",386615,"$386,615",,https://rmsothebys.com/en/auctions/ff09/ferrari---leggenda-e-passione/lots/r132-1991-ferrari-f40/186936,1991,https://www.theclassicvaluer.com,Sold
17th Jan 2009,Gooding & Co • Scottsdale Auctions 2009,Gooding & Co,United States,Scottsdale Auctions 2009,,https://tcv-images.s3.eu-west-2.amazonaws.com/cars/aACG5OpQ1fM5bBZ1LuUjOcBw8MTz_pYf5K-QItOki1Pr7ArIKeKtsJW6DFrftjqMW6EHQ_86GBFO25IQF_cHww.jpeg,/cars/ferrari/f40/1991/373568,/cars/ferrari/f40/373568,1991 Ferrari F40,0,Not Sold,0,Not Sold,0,Not Sold,,https://www.goodingco.com/lot/1991-ferrari-f40-2/?filtersInput%5BitemType%5D%5B0%5D=Cars&filtersInput%5BauctionYear%5D%5B0%5D=2009&sortBy=ESTIMATE_HL&pageNumber=3,1991,https://www.theclassicvaluer.com,Not Sold
16th Jan 2009,RM Sotheby's • Automobiles of Arizona,RM Sotheby's,United States,Automobiles of Arizona,,https://tcv-images.s3.eu-west-2.amazonaws.com/cars/Lf_Hcv3h9tQKKoQ_bi2X3jo44WFlTI80bXLphXJ2szoZYku6PUSCkpOKPSLXYRXzdZkqnp8U26EiTdVxAFhLKA.jpeg,/cars/ferrari/f40/1992/126728,/cars/ferrari/f40/126728,1992 Ferrari F40,323286,"€323,286",287498,"£287,498",429000,"$429,000",,https://rmsothebys.com/en/auctions/az09/automobiles-of-arizona/lots/r245-1992-ferrari-f40/202045,1992,https://www.theclassicvaluer.com,Sold
16th Aug 2008,RM Sotheby's • Sports & Classics of Monterey,RM Sotheby's,United States,Sports & Classics of Monterey,ZFFMN34A0L0087041,https://tcv-images.s3.eu-west-2.amazonaws.com/cars/lFJM1l5NJi180ffTw58-SasZRBfcrx5sJi_hNnksPnUxY4CV1GWS-bpVMB3rR8gBqEUxClHIo7imPoL2imcdbQ.jpeg,/cars/ferrari/f40/1990/126702,/cars/ferrari/f40/126702,1990 Ferrari F40,511576,"€511,576",404503,"£404,503",753500,"$753,500",,https://rmsothebys.com/en/auctions/mo08/sports---classics-of-monterey/lots/r207-1990-ferrari-f40/199048,1990,https://www.theclassicvaluer.com,Sold
18th May 2008,RM Sotheby's • Ferrari – Leggenda e Passione,RM Sotheby's,Italy,Ferrari – Leggenda e Passione,ZFFGJ34B000079883,https://tcv-images.s3.eu-west-2.amazonaws.com/cars/qhnJp6qtak84J3xNvLW-wZVw096EQNvtMj1dKawiZKBlsgnG-f2nK6damRdCLnlNdG8zrrCOtcnltqg6EgEasg.jpeg,/cars/ferrari/f40/1989/126679,/cars/ferrari/f40/126679,1989 Ferrari F40 Valeo,418000,"€418,000",332665,"£332,665",647816,"$647,816",,https://rmsothebys.com/en/auctions/ff08/ferrari---leggenda-e-passione/lots/r144-1989-ferrari-f40-valeo/192734,1989,https://www.theclassicvaluer.com,Sold
18th May 2008,RM Sotheby's • Ferrari – Leggenda e Passione,RM Sotheby's,Italy,Ferrari – Leggenda e Passione,ZFFGJ34B000089307,https://tcv-images.s3.eu-west-2.amazonaws.com/cars/-CfocK1pX6ANSRDOA1Pu8OvMLEOf-__ei6KVlj5DN8APGrQJ4mDbUJ0FgAJGp-xT9v43I3qw_ZceEFst3_8s9g.jpeg,/cars/ferrari/f40/1991/126716,/cars/ferrari/f40/126716,1991 Ferrari F40,396000,"€396,000",315157,"£315,157",613721,"$613,721",,https://rmsothebys.com/en/auctions/ff08/ferrari---leggenda-e-passione/lots/r142-1991-ferrari-f40/192638,1991,https://www.theclassicvaluer.com,Sold
20th May 2007,RM Sotheby's • Ferrari – Leggenda e Passione,RM Sotheby's,Italy,Ferrari – Leggenda e Passione,ZFFGJ34B000093762,https://tcv-images.s3.eu-west-2.amazonaws.com/cars/lEdA8DnQCPSxGR01gENzDeZspHbPyxaHP9wAU2kiene114GEtWqYghYizSG3TbsmHLu4uK_fX4hVNX9S0BGcFA.jpeg,/cars/ferrari/f40/1992/126727,/cars/ferrari/f40/126727,1992 Ferrari F40,275000,"€275,000",188072,"£188,072",370618,"$370,618",LIP UF 40,https://rmsothebys.com/en/auctions/ff07/ferrari---leggenda-e-passione/lots/l216-1992-ferrari-f40/194083,1992,https://www.theclassicvaluer.com,Sold
20th May 2006,Bonhams • Les Grandes Marques a Monaco - Important Historic Motor Cars and Automobilia,Bonhams,France,Les Grandes Marques a Monaco - Important Historic Motor Cars and Automobilia,,https://tcv-images.s3.eu-west-2.amazonaws.com/cars/8oCtW3TrXNCK4LEcwgllqOYD-ceHExb2EfJozo-Seg_OZnp6IUOifgw-G2q0BBehLzZxrfJxqfTM7xmtUdyBug.jpeg,/cars/ferrari/f40/1989/412663,/cars/ferrari/f40/412663,1989 Ferrari F40 Berlinetta,200000,"€200,000",138840,"£138,840",250740,"$250,740",E588 TDA,https://www.bonhams.com/auctions/14487/lot/192/?category=list&length=236&page=1,1989,https://www.theclassicvaluer.com,Sold
15th May 2004,"Bonhams • Les Grandes Marques à Monaco, An Important Sale of Collector’s Motor Cars & Automobilia",Bonhams,France,"Les Grandes Marques à Monaco, An Important Sale of Collector’s Motor Cars & Automobilia",,https://tcv-images.s3.eu-west-2.amazonaws.com/cars/PbY_OS0bopBV0qL7IB-DZhJiqs07RfobzMZ6SUDFcn0ou5_JS5Y93aNLdg9xLGu168kl7xklyQHRNGOm917ytQ.jpeg,/cars/ferrari/f40/1989/412655,/cars/ferrari/f40/412655,"One owner from new , 1989 Ferrari F40 Berlinetta",206000,"€206,000",138782,"£138,782",246108,"$246,108",,https://www.bonhams.com/auctions/11230/lot/219/?category=list&length=255&page=1,1989,https://www.theclassicvaluer.com,Sold
8th Feb 2004,RM Sotheby's • The Florida Collector Car Auction,RM Sotheby's,United States,The Florida Collector Car Auction,ZFFMN34A8L0087031,https://tcv-images.s3.eu-west-2.amazonaws.com/cars/TjdPIx5UvXflaRhZVQd_qie5PYBKNSEl-6tT1kHV_gmNPffRjVzoenj3VyYUomufJgEYH-1OKliXXUgttlBjVQ.jpeg,/cars/ferrari/f40/1990/126695,/cars/ferrari/f40/126695,1990 Ferrari F 40 Coupe,231463,"€231,463",158124,"£158,124",290000,"$290,000",,https://rmsothebys.com/en/auctions/br04/the-florida-collector-car-auction/lots/r089-1990-ferrari-f-40-coupe/211063,1990,https://www.theclassicvaluer.com,Sold
8th Mar 2003,RM Sotheby's • Vintage Motor Cars at Amelia Island,RM Sotheby's,United States,Vintage Motor Cars at Amelia Island,,https://static.wixstatic.com/media/115a18_5c677fbee8f14fa8b09ff5c89dd23733~mv2.jpg,/cars/ferrari/f40/1990/126696,/cars/ferrari/f40/126696,1990 Ferrari F40,279011,"€279,011",191597,"£191,597",308000,"$308,000",,https://rmsothebys.com/en/auctions/am03/vintage-motor-cars-at-amelia-island/lots/048-1990-ferrari-f40/203253,1990,https://www.theclassicvaluer.com,Sold
